,id,region_parent,region_detail,school_parent,school_detail,major_parent,major_detail,interest_parent,interest_detail,interest_parent1,interest_detail1,interest_parent2,interest_detail2,year,interest_detail3,interest_detail4,interest_detail5,interest_detail6
0,10000,四川,乐山市,西南交通大学,计算机学院,工学,软件工程,名人,杨幂,美食,串串香,美食,火锅,2012,卤肉饭,口水鸡,酸菜鱼,三汁焖锅
1,10001,四川,眉山市,西南交通大学,土木与环境工程学院,工学,建筑工程技术,综艺,非诚勿扰,美食,口水鸡,技能,花艺,2013,书法,摄影,写作,写作
2,10002,四川,达州市,成都理工大学,财务会计学院,管理学,审计,综艺,非诚勿扰,影视,美丽人生,名人,张瀚,2010,林允,冯小刚,冯小刚,张瀚
3,10003,四川,成都市,西南交通大学,管理学院,管理学,市场营销,技能,文案,动漫,无头骑士异闻录,影视,海豚湾,2008,终结者,迪斯尼,复仇者联盟,终结者
4,10004,四川,德阳市,成都信息工程大学,经济学院,经济学,经济学,影视,一代宗师,影视,帕丁顿熊,名人,张艺兴,2013,宋冬野,泰勒·斯威夫特,冯小刚,黄子韬
5,10005,四川,德阳市,西华大学,土木与环境工程学院,工学,建筑工程技术,名人,林允,名人,林允,美食,口水鸡,2013,串串香,三汁焖锅,牛肉面,三汁焖锅
6,10006,四川,广元市,西南石油大学,财务会计学院,管理学,财务管理,技能,文案,名人,泰勒·斯威夫特,影视,环太平洋,2017,让子弹飞,环太平洋,美丽人生,霸王别姬
7,10007,重庆,重庆,西南石油大学,土木与环境工程学院,工学,建筑工程技术,名人,黄子韬,美食,牛肉面,综艺,非诚勿扰,2013,档案,热血街舞团,中国式相亲,演员的诞生
8,10008,四川,德阳市,成都理工大学,管理学院,管理学,市场营销,名人,迪丽热巴,动漫,火影忍者,动漫,七龙珠,2015,妖精的尾巴,无头骑士异闻录,七龙珠,辛普森的一家
9,10009,四川,眉山市,西南财经大学,土木与环境工程学院,工学,建筑工程技术,影视,复仇者联盟,美食,麻婆豆腐,美食,酸菜鱼,2010,三汁焖锅,口水鸡,豆腐脑,麻婆豆腐
10,10010,四川,广元市,电子科技大学,土木与环境工程学院,工学,建筑工程技术,综艺,创造101,技能,摄影,美食,烤肉,2006,寿司,鱼香肉丝,牛肉面,火锅
11,10011,四川,绵阳市,四川大学锦城学院,艺术学院,艺术学,绘画,综艺,热血街舞团,影视,霸王别姬,综艺,极限挑张,2003,快乐大本营,档案,极限挑张,非诚勿扰
12,10012,四川,乐山市,西南石油大学,土木与环境工程学院,工学,土木工程,综艺,天天向上,动漫,火影忍者,名人,张艺兴,2007,张艺兴,迈克尔·杰克逊,泰勒·斯威夫特,冯小刚
13,10013,四川,广元市,四川师范大学,经济学院,经济学,经济学,美食,麻婆豆腐,名人,张瀚,影视,漫威,2008,一代宗师,帕丁顿熊,缝纫机乐队,春娇与志明
14,10014,四川,成都市,西南石油大学,土木与环境工程学院,工学,建筑工程技术,动漫,喜羊羊和灰太狼,影视,阿甘正传,名人,宋冬野,2002,张艺兴,GALA,GALA,新垣结衣
15,10015,四川,绵阳市,电子科技大学,机械学院,工学,机械电子工程,动漫,灌篮高手,美食,三汁焖锅,动漫,妖精的尾巴,2017,中国惊奇先生,喜羊羊和灰太狼,七龙珠,死神
16,10016,四川,绵阳市,西南石油大学,管理学院,管理学,市场营销,技能,绘画,名人,张艺兴,技能,花艺,2013,绘画,花艺,写作,写作
17,10017,四川,资阳市,电子科技大学,经济学院,经济学,金融学,影视,漫威,综艺,笑傲江湖,影视,环太平洋,2005,让子弹飞,阿甘正传,复仇者联盟,霸王别姬
18,10018,四川,德阳市,四川师范大学,机械学院,工学,机械电子工程,美食,牛肉面,动漫,灌篮高手,名人,泰勒·斯威夫特,2010,赵丽颖,冯小刚,新垣结衣,GALA
19,10019,四川,南充市,四川大学,土木与环境工程学院,工学,建筑工程技术,美食,酸菜鱼,技能,料理,名人,冯小刚,2006,赵丽颖,迪丽热巴,鹿晗,宋冬野
20,10020,四川,广元市,电子科技大学,管理学院,管理学,市场营销,美食,火锅,动漫,海贼王,综艺,档案,2003,天天向上,快乐大本营,我们十七岁,真正男子汉
21,10021,四川,宜宾市,四川大学锦城学院,管理学院,管理学,市场营销,技能,策划,影视,帕丁顿熊,名人,周杰伦,2014,赵丽颖,迪丽热巴,赵丽颖,张艺兴
22,10022,四川,泸州市,西南财经大学,财务会计学院,管理学,会计,综艺,档案,美食,口水鸡,影视,寻梦幻游记,2014,海豚湾,终结者,让子弹飞,缝纫机乐队
23,10023,四川,自贡市,西南石油大学,管理学院,管理学,工商管理,影视,缝纫机乐队,综艺,热血街舞团,影视,寻梦幻游记,2016,环太平洋,漫威,漫威,环太平洋
24,10024,四川,资阳市,西南石油大学,管理学院,管理学,工商管理,动漫,灌篮高手,动漫,辛普森的一家,综艺,中国式相亲,2002,奔跑吧,中国式相亲,创造101,非诚勿扰
25,10025,四川,达州市,成都理工大学,管理学院,管理学,工商管理,影视,美丽人生,综艺,创造101,影视,缝纫机乐队,2000,春娇与志明,泰坦尼克号,复仇者联盟,泰坦尼克号
26,10026,四川,广元市,西南石油大学,经济学院,经济学,经济学,动漫,喜羊羊和灰太狼,名人,张瀚,名人,张瀚,2014,张艺兴,GALA,黄子韬,杨幂
27,10027,四川,成都市,成都信息工程大学,管理学院,管理学,工商管理,影视,迪斯尼,名人,鹿晗,美食,豆腐脑,2010,烤肉,糖醋排骨,糖醋排骨,牛肉面
28,10028,四川,眉山市,四川大学,土木与环境工程学院,工学,土木工程,影视,寻梦幻游记,技能,绘画,技能,料理,2009,花艺,编程,书法,绘画
29,10029,四川,自贡市,四川师范大学,经济学院,经济学,金融学,美食,酸菜鱼,名人,泰勒·斯威夫特,综艺,演员的诞生,2003,中国式相亲,我们十七岁,创造101,蒙面唱将猜猜猜
30,10030,四川,绵阳市,成都信息工程大学,土木与环境工程学院,工学,建筑工程技术,技能,文案,影视,海豚湾,动漫,喜羊羊和灰太狼,2015,辛普森的一家,妖精的尾巴,无头骑士异闻录,妖精的尾巴
31,10031,四川,成都市,四川师范大学,土木与环境工程学院,工学,土木工程,名人,宋冬野,美食,钵钵鸡,名人,新垣结衣,2005,迈克尔·杰克逊,赵丽颖,张艺兴,张艺兴
32,10032,四川,泸州市,成都理工大学,计算机学院,工学,应用开发,影视,复仇者联盟,美食,豆腐脑,技能,书法,2007,料理,摄影,文案,绘画
33,10033,四川,广安市,西南石油大学,管理学院,管理学,工商管理,技能,料理,动漫,灌篮高手,名人,张瀚,2011,GALA,GALA,GALA,张瀚
34,10034,四川,成都市,西南财经大学,计算机学院,工学,软件工程,美食,烤肉,动漫,辛普森的一家,技能,编程,2013,写作,写作,绘画,编程
35,10035,四川,成都市,四川大学,管理学院,管理学,市场营销,技能,花艺,技能,设计,动漫,死神,2013,喜羊羊和灰太狼,命运石之门,灌篮高手,灌篮高手
36,10036,四川,泸州市,西南石油大学,经济学院,经济学,电子商务,影视,阿甘正传,美食,卤肉饭,技能,编程,2011,绘画,编程,绘画,文案
37,10037,四川,宜宾市,西南石油大学,艺术学院,艺术学,广播电视编导,动漫,妖精的尾巴,动漫,搞笑漫画日和,技能,电子音乐,2001,策划,写作,文案,电子音乐
38,10038,四川,攀枝花市,西南石油大学,管理学院,管理学,市场营销,综艺,我们十七岁,名人,冯小刚,技能,料理,2005,编程,策划,文案,料理
39,10039,重庆,重庆,西南石油大学,艺术学院,艺术学,舞蹈表演,综艺,奔跑吧,影视,缝纫机乐队,名人,新垣结衣,2016,赵丽颖,新垣结衣,张瀚,新垣结衣
40,10040,四川,绵阳市,西南交通大学,财务会计学院,管理学,财务管理,影视,环太平洋,动漫,无头骑士异闻录,影视,缝纫机乐队,2012,阿甘正传,迪斯尼,霸王别姬,复仇者联盟
41,10041,四川,资阳市,西南石油大学,管理学院,管理学,工商管理,动漫,命运石之门,综艺,蒙面唱将猜猜猜,综艺,奔跑吧,2007,创造101,天天向上,我们十七岁,我们十七岁
42,10042,四川,南充市,西南财经大学,建筑学院,工学,建筑学,影视,让子弹飞,综艺,我们十七岁,综艺,老梁故事汇,2004,中国式相亲,极限挑张,我们十七岁,极限挑张
43,10043,四川,泸州市,电子科技大学,计算机学院,工学,应用开发,技能,花艺,名人,张瀚,动漫,搞笑漫画日和,2011,搞笑漫画日和,妖精的尾巴,喜羊羊和灰太狼,喜羊羊和灰太狼
44,10044,四川,雅安市,西南石油大学,外国语学院,文学,英语,综艺,创造101,名人,周杰伦,影视,终结者,2008,霸王别姬,春娇与志明,泰坦尼克号,阿甘正传
45,10045,重庆,重庆,电子科技大学,财务会计学院,管理学,财务管理,综艺,创造101,美食,麻婆豆腐,影视,海豚湾,2005,霸王别姬,海豚湾,复仇者联盟,霸王别姬
46,10046,四川,泸州市,电子科技大学,管理学院,管理学,市场营销,影视,阿甘正传,影视,缝纫机乐队,动漫,中国惊奇先生,2002,辛普森的一家,喜羊羊和灰太狼,中国惊奇先生,辛普森的一家
47,10047,四川,资阳市,西华大学,土木与环境工程学院,工学,土木工程,名人,杨幂,综艺,中国好声音,综艺,蒙面唱将猜猜猜,2014,我们十七岁,蒙面唱将猜猜猜,中国式相亲,中国式相亲
48,10048,四川,泸州市,四川大学,管理学院,管理学,人力资源,名人,鹿晗,综艺,中国好声音,技能,料理,2013,摄影,书法,策划,文案
49,10049,四川,雅安市,西南石油大学,机械学院,工学,智能控制,综艺,档案,技能,绘画,动漫,喜羊羊和灰太狼,2017,火影忍者,中国惊奇先生,七龙珠,中国惊奇先生
50,10050,四川,内江市,四川大学锦城学院,土木与环境工程学院,工学,建筑工程技术,动漫,中国惊奇先生,影视,终结者,名人,宋冬野,2007,张艺兴,张艺兴,林允,迪丽热巴
51,10051,四川,雅安市,西华大学,经济学院,经济学,国际经济与贸易,综艺,奔跑吧,美食,糖醋排骨,技能,策划,2017,花艺,策划,编程,电子音乐
52,10052,四川,德阳市,四川师范大学,管理学院,管理学,工商管理,美食,钵钵鸡,技能,书法,美食,钵钵鸡,2009,麻婆豆腐,烤肉,卤肉饭,牛肉面
53,10053,四川,攀枝花市,四川大学,计算机学院,工学,软件工程,美食,口水鸡,名人,泰勒·斯威夫特,技能,编程,2011,文案,编程,电子音乐,文案
54,10054,四川,南充市,西南交通大学,土木与环境工程学院,工学,建筑工程技术,影视,环太平洋,名人,张瀚,综艺,老梁故事汇,2000,中国式相亲,奔跑吧,奔跑吧,天天向上
55,10055,四川,成都市,西南交通大学,经济学院,经济学,金融学,综艺,创造101,动漫,喜羊羊和灰太狼,美食,寿司,2017,牛肉面,卤肉饭,麻婆豆腐,火锅
56,10056,四川,德阳市,成都理工大学,土木与环境工程学院,工学,土木工程,动漫,七龙珠,技能,电子音乐,名人,鹿晗,2008,迪丽热巴,鹿晗,泰勒·斯威夫特,张瀚
57,10057,四川,自贡市,成都信息工程大学,管理学院,管理学,市场营销,影视,漫威,综艺,老梁故事汇,技能,绘画,2014,设计,文案,编程,策划
58,10058,四川,南充市,四川大学,计算机学院,工学,网络工程,影视,复仇者联盟,美食,豆腐脑,美食,卤肉饭,2005,寿司,钵钵鸡,牛肉面,麻婆豆腐
59,10059,四川,南充市,西南石油大学,土木与环境工程学院,工学,建筑工程技术,名人,张瀚,动漫,七龙珠,名人,迪丽热巴,2017,迪丽热巴,迈克尔·杰克逊,泰勒·斯威夫特,张艺兴
60,10060,四川,成都市,四川师范大学,管理学院,管理学,工商管理,名人,迈克尔·杰克逊,综艺,演员的诞生,综艺,中国式相亲,2011,我们十七岁,中国好声音,中国好声音,极限挑张
61,10061,四川,泸州市,西华大学,经济学院,经济学,电子商务,美食,牛肉面,技能,设计,美食,烤肉,2012,火锅,火锅,钵钵鸡,烤肉
62,10062,四川,德阳市,西南石油大学,管理学院,管理学,工商管理,综艺,快乐大本营,美食,糖醋排骨,综艺,演员的诞生,2016,非诚勿扰,笑傲江湖,中国好声音,老梁故事汇
63,10063,四川,自贡市,西南交通大学,土木与环境工程学院,工学,土木工程,动漫,辛普森的一家,名人,黄子韬,名人,赵丽颖,2008,张艺兴,林允,迪丽热巴,迈克尔·杰克逊
64,10064,四川,眉山市,西南交通大学,管理学院,管理学,人力资源,动漫,命运石之门,综艺,极限挑张,美食,糖醋排骨,2011,串串香,钵钵鸡,三汁焖锅,口水鸡
65,10065,四川,达州市,西华大学,电气学院,工学,通信工程,技能,绘画,技能,电子音乐,动漫,无头骑士异闻录,2013,七龙珠,七龙珠,海贼王,死神
66,10066,四川,广元市,西南石油大学,管理学院,管理学,工商管理,影视,海豚湾,综艺,快乐大本营,名人,张艺兴,2006,GALA,周杰伦,迪丽热巴,宋冬野
67,10067,重庆,重庆,西南交通大学,经济学院,经济学,经济学,影视,环太平洋,美食,豆腐脑,美食,鱼香肉丝,2017,糖醋排骨,三汁焖锅,麻婆豆腐,寿司
68,10068,四川,泸州市,四川大学,管理学院,管理学,市场营销,综艺,非诚勿扰,名人,冯小刚,技能,电子音乐,2012,料理,书法,编程,设计
69,10069,四川,成都市,四川师范大学,经济学院,经济学,金融学,名人,赵丽颖,名人,迪丽热巴,影视,霸王别姬,2005,海豚湾,复仇者联盟,海豚湾,阿甘正传
70,10070,四川,达州市,西南石油大学,管理学院,管理学,工商管理,影视,帕丁顿熊,技能,文案,综艺,档案,2014,非诚勿扰,中国式相亲,档案,天天向上
71,10071,四川,南充市,四川大学锦城学院,计算机学院,工学,应用开发,影视,终结者,动漫,命运石之门,技能,策划,2014,书法,电子音乐,花艺,料理
72,10072,四川,绵阳市,西南石油大学,管理学院,管理学,市场营销,影视,春娇与志明,技能,花艺,美食,糖醋排骨,2010,钵钵鸡,鱼香肉丝,串串香,豆腐脑
73,10073,四川,阿坝州,西华大学,土木与环境工程学院,工学,建筑工程技术,美食,卤肉饭,综艺,演员的诞生,美食,卤肉饭,2015,火锅,口水鸡,麻婆豆腐,口水鸡
74,10074,四川,成都市,西南财经大学,土木与环境工程学院,工学,建筑工程技术,综艺,演员的诞生,动漫,辛普森的一家,影视,阿甘正传,2014,让子弹飞,泰坦尼克号,让子弹飞,复仇者联盟
75,10075,四川,南充市,四川大学,财务会计学院,管理学,审计,动漫,喜羊羊和灰太狼,技能,策划,综艺,真正男子汉,2016,奔跑吧,真正男子汉,中国式相亲,中国式相亲
76,10076,四川,自贡市,电子科技大学,计算机学院,工学,网络工程,动漫,海贼王,影视,阿甘正传,名人,赵丽颖,2006,冯小刚,鹿晗,张艺兴,迪丽热巴
77,10077,四川,绵阳市,电子科技大学,管理学院,管理学,人力资源,综艺,真正男子汉,美食,糖醋排骨,名人,新垣结衣,2011,鹿晗,新垣结衣,迈克尔·杰克逊,杨幂
78,10078,四川,宜宾市,西南财经大学,计算机学院,工学,软件工程,影视,霸王别姬,综艺,天天向上,技能,电子音乐,2003,料理,料理,文案,摄影
79,10079,四川,雅安市,四川大学锦城学院,管理学院,管理学,工商管理,技能,编程,影视,漫威,名人,张瀚,2001,张艺兴,鹿晗,宋冬野,吴亦凡
80,10080,四川,南充市,西南财经大学,土木与环境工程学院,工学,土木工程,技能,电子音乐,动漫,搞笑漫画日和,动漫,搞笑漫画日和,2005,灌篮高手,中国惊奇先生,死神,喜羊羊和灰太狼
81,10081,四川,达州市,西南财经大学,管理学院,管理学,市场营销,美食,麻婆豆腐,技能,编程,美食,糖醋排骨,2006,口水鸡,酸菜鱼,寿司,酸菜鱼
82,10082,四川,成都市,成都理工大学,艺术学院,艺术学,产品设计,影视,寻梦幻游记,名人,林允,美食,牛肉面,2004,串串香,卤肉饭,卤肉饭,钵钵鸡
83,10083,四川,泸州市,四川师范大学,管理学院,管理学,市场营销,技能,书法,综艺,热血街舞团,影视,泰坦尼克号,2003,缝纫机乐队,环太平洋,春娇与志明,终结者
84,10084,四川,乐山市,西南交通大学,管理学院,管理学,市场营销,名人,赵丽颖,美食,烤肉,影视,迪斯尼,2008,环太平洋,缝纫机乐队,让子弹飞,迪斯尼
85,10085,四川,广元市,西华大学,管理学院,管理学,市场营销,动漫,死神,美食,牛肉面,动漫,命运石之门,2002,火影忍者,妖精的尾巴,妖精的尾巴,灌篮高手
86,10086,四川,内江市,西南财经大学,计算机学院,工学,软件工程,名人,迪丽热巴,技能,料理,美食,豆腐脑,2007,钵钵鸡,烤肉,口水鸡,酸菜鱼
87,10087,四川,绵阳市,四川大学锦城学院,经济学院,经济学,金融学,影视,终结者,美食,鱼香肉丝,影视,终结者,2013,让子弹飞,一代宗师,漫威,帕丁顿熊
88,10088,四川,宜宾市,四川师范大学,管理学院,管理学,工商管理,综艺,快乐大本营,动漫,喜羊羊和灰太狼,美食,麻婆豆腐,2010,火锅,豆腐脑,麻婆豆腐,钵钵鸡
89,10089,四川,成都市,西华大学,建筑学院,工学,城乡规划,影视,复仇者联盟,动漫,妖精的尾巴,影视,泰坦尼克号,2012,终结者,缝纫机乐队,霸王别姬,缝纫机乐队
90,10090,四川,达州市,西南财经大学,管理学院,管理学,工商管理,综艺,创造101,影视,复仇者联盟,动漫,搞笑漫画日和,2013,死神,海贼王,灌篮高手,中国惊奇先生
91,10091,四川,乐山市,电子科技大学,管理学院,管理学,工商管理,综艺,演员的诞生,影视,美丽人生,技能,摄影,2015,书法,电子音乐,料理,设计
92,10092,四川,德阳市,四川大学锦城学院,计算机学院,工学,应用开发,技能,编程,动漫,辛普森的一家,动漫,海贼王,2012,辛普森的一家,灌篮高手,妖精的尾巴,死神
93,10093,四川,阿坝州,西华大学,财务会计学院,管理学,会计,影视,帕丁顿熊,综艺,蒙面唱将猜猜猜,综艺,笑傲江湖,2011,中国好声音,我们十七岁,热血街舞团,奔跑吧
94,10094,四川,南充市,电子科技大学,管理学院,管理学,工商管理,美食,火锅,影视,终结者,美食,串串香,2007,钵钵鸡,钵钵鸡,火锅,寿司
95,10095,四川,广元市,四川大学,计算机学院,工学,软件工程,技能,料理,影视,霸王别姬,综艺,天天向上,2015,中国式相亲,快乐大本营,极限挑张,笑傲江湖
96,10096,四川,自贡市,西华大学,建筑学院,工学,城乡规划,美食,麻婆豆腐,动漫,搞笑漫画日和,动漫,死神,2011,搞笑漫画日和,搞笑漫画日和,中国惊奇先生,灌篮高手
97,10097,四川,广元市,四川大学锦城学院,经济学院,经济学,国际经济与贸易,动漫,喜羊羊和灰太狼,动漫,死神,动漫,中国惊奇先生,2003,火影忍者,喜羊羊和灰太狼,灌篮高手,七龙珠
98,10098,重庆,重庆,四川师范大学,艺术学院,艺术学,表演,动漫,七龙珠,美食,酸菜鱼,影视,环太平洋,2002,复仇者联盟,漫威,漫威,终结者
99,10099,四川,眉山市,四川大学锦城学院,管理学院,管理学,人力资源,影视,迪斯尼,综艺,中国好声音,综艺,创造101,2014,档案,中国好声音,创造101,热血街舞团
100,10100,四川,自贡市,四川大学锦城学院,机械学院,工学,测控技术与仪器,技能,摄影,美食,口水鸡,动漫,火影忍者,2016,妖精的尾巴,妖精的尾巴,辛普森的一家,无头骑士异闻录
101,10101,四川,成都市,西南交通大学,土木与环境工程学院,工学,土木工程,名人,杨幂,动漫,妖精的尾巴,名人,杨幂,2003,鹿晗,泰勒·斯威夫特,张瀚,宋冬野
102,10102,四川,成都市,四川师范大学,土木与环境工程学院,工学,给排水科学与工程,名人,张瀚,名人,张艺兴,综艺,创造101,2001,真正男子汉,天天向上,非诚勿扰,快乐大本营
103,10103,四川,泸州市,西南石油大学,土木与环境工程学院,工学,土木工程,美食,卤肉饭,名人,迪丽热巴,影视,霸王别姬,2014,帕丁顿熊,阿甘正传,美丽人生,让子弹飞
104,10104,四川,成都市,四川师范大学,艺术学院,艺术学,表演,美食,钵钵鸡,名人,张艺兴,影视,泰坦尼克号,2005,霸王别姬,复仇者联盟,美丽人生,环太平洋
105,10105,四川,乐山市,成都理工大学,土木与环境工程学院,工学,土木工程,名人,新垣结衣,综艺,中国好声音,综艺,奔跑吧,2003,中国好声音,笑傲江湖,极限挑张,演员的诞生
106,10106,重庆,重庆,四川师范大学,机械学院,工学,测控技术与仪器,影视,让子弹飞,名人,张瀚,影视,美丽人生,2007,迪斯尼,春娇与志明,寻梦幻游记,阿甘正传
107,10107,四川,资阳市,四川大学,经济学院,经济学,经济学,技能,料理,综艺,中国好声音,动漫,火影忍者,2013,中国惊奇先生,喜羊羊和灰太狼,中国惊奇先生,火影忍者
108,10108,四川,宜宾市,西南石油大学,土木与环境工程学院,工学,建筑工程技术,动漫,喜羊羊和灰太狼,名人,黄子韬,名人,新垣结衣,2014,迈克尔·杰克逊,宋冬野,迈克尔·杰克逊,林允
109,10109,四川,达州市,西南石油大学,管理学院,管理学,市场营销,影视,让子弹飞,影视,迪斯尼,动漫,七龙珠,2004,死神,辛普森的一家,七龙珠,海贼王
110,10110,四川,泸州市,西南财经大学,土木与环境工程学院,工学,给排水科学与工程,美食,麻婆豆腐,影视,让子弹飞,技能,书法,2002,料理,摄影,策划,书法
111,10111,重庆,重庆,西南石油大学,外国语学院,文学,旅游英语,技能,文案,综艺,真正男子汉,动漫,命运石之门,2009,辛普森的一家,七龙珠,辛普森的一家,辛普森的一家
112,10112,四川,宜宾市,四川大学,管理学院,管理学,工商管理,动漫,命运石之门,技能,料理,动漫,中国惊奇先生,2001,妖精的尾巴,搞笑漫画日和,搞笑漫画日和,海贼王
113,10113,四川,泸州市,四川师范大学,机械学院,工学,机械设计与制造,综艺,蒙面唱将猜猜猜,动漫,中国惊奇先生,美食,三汁焖锅,2012,豆腐脑,寿司,寿司,鱼香肉丝
114,10114,四川,自贡市,西华大学,财务会计学院,管理学,财务管理,影视,帕丁顿熊,技能,策划,影视,泰坦尼克号,2003,美丽人生,海豚湾,漫威,霸王别姬
115,10115,四川,泸州市,西南财经大学,计算机学院,工学,软件工程,技能,文案,影视,一代宗师,影视,复仇者联盟,2000,霸王别姬,缝纫机乐队,让子弹飞,海豚湾
116,10116,四川,达州市,成都信息工程大学,财务会计学院,管理学,会计,动漫,命运石之门,影视,迪斯尼,美食,卤肉饭,2014,豆腐脑,火锅,串串香,麻婆豆腐
117,10117,四川,德阳市,西南石油大学,机械学院,工学,测控技术与仪器,综艺,创造101,影视,迪斯尼,技能,设计,2002,编程,设计,电子音乐,花艺
118,10118,四川,南充市,西南石油大学,土木与环境工程学院,工学,建筑工程技术,美食,牛肉面,技能,书法,动漫,无头骑士异闻录,2007,死神,海贼王,中国惊奇先生,喜羊羊和灰太狼
119,10119,四川,达州市,四川大学,经济学院,经济学,金融学,综艺,极限挑张,动漫,海贼王,名人,鹿晗,2010,周杰伦,黄子韬,迈克尔·杰克逊,鹿晗
120,10120,四川,自贡市,西南石油大学,管理学院,管理学,工商管理,动漫,七龙珠,动漫,中国惊奇先生,综艺,演员的诞生,2003,快乐大本营,中国式相亲,笑傲江湖,奔跑吧
121,10121,重庆,重庆,四川大学,文学与传媒学院,文学,网络与新媒体,美食,鱼香肉丝,影视,阿甘正传,综艺,档案,2012,非诚勿扰,热血街舞团,老梁故事汇,笑傲江湖
122,10122,四川,资阳市,西南交通大学,经济学院,经济学,金融学,名人,鹿晗,技能,写作,美食,糖醋排骨,2008,豆腐脑,鱼香肉丝,麻婆豆腐,豆腐脑
123,10123,重庆,重庆,电子科技大学,土木与环境工程学院,工学,建筑工程技术,名人,鹿晗,名人,GALA,美食,烤肉,2013,酸菜鱼,火锅,烤肉,烤肉
124,10124,四川,乐山市,四川大学,管理学院,管理学,市场营销,动漫,死神,美食,鱼香肉丝,动漫,无头骑士异闻录,2003,搞笑漫画日和,灌篮高手,死神,海贼王
125,10125,四川,乐山市,四川师范大学,计算机学院,工学,网络安全,动漫,妖精的尾巴,综艺,老梁故事汇,动漫,中国惊奇先生,2008,喜羊羊和灰太狼,死神,搞笑漫画日和,命运石之门
126,10126,四川,凉山州,成都信息工程大学,财务会计学院,管理学,审计,美食,糖醋排骨,综艺,奔跑吧,影视,帕丁顿熊,2009,缝纫机乐队,春娇与志明,美丽人生,迪斯尼
127,10127,四川,泸州市,四川师范大学,外国语学院,文学,日语,影视,迪斯尼,名人,黄子韬,美食,火锅,2015,寿司,麻婆豆腐,口水鸡,寿司
128,10128,重庆,重庆,电子科技大学,经济学院,经济学,经济学,综艺,笑傲江湖,美食,寿司,技能,书法,2012,电子音乐,书法,编程,编程
129,10129,四川,广元市,四川大学锦城学院,经济学院,经济学,金融学,技能,文案,动漫,命运石之门,综艺,蒙面唱将猜猜猜,2005,老梁故事汇,中国式相亲,演员的诞生,热血街舞团
130,10130,四川,资阳市,西南交通大学,管理学院,管理学,市场营销,综艺,快乐大本营,美食,三汁焖锅,影视,缝纫机乐队,2015,泰坦尼克号,复仇者联盟,迪斯尼,春娇与志明
131,10131,四川,成都市,四川大学锦城学院,计算机学院,工学,应用开发,动漫,妖精的尾巴,影视,霸王别姬,综艺,老梁故事汇,2005,创造101,热血街舞团,中国好声音,极限挑张
132,10132,四川,宜宾市,西南交通大学,计算机学院,工学,网络工程,动漫,灌篮高手,综艺,极限挑张,美食,烤肉,2008,寿司,串串香,寿司,鱼香肉丝
133,10133,四川,自贡市,四川大学锦城学院,土木与环境工程学院,工学,土木工程,美食,三汁焖锅,名人,鹿晗,综艺,奔跑吧,2014,档案,奔跑吧,蒙面唱将猜猜猜,非诚勿扰
134,10134,四川,巴中市,四川师范大学,土木与环境工程学院,工学,土木工程,综艺,中国好声音,综艺,中国好声音,影视,缝纫机乐队,2012,春娇与志明,美丽人生,漫威,美丽人生
135,10135,四川,南充市,四川师范大学,土木与环境工程学院,工学,土木工程,动漫,妖精的尾巴,综艺,中国式相亲,动漫,辛普森的一家,2010,海贼王,无头骑士异闻录,火影忍者,海贼王
136,10136,四川,泸州市,电子科技大学,经济学院,经济学,经济学,综艺,创造101,美食,串串香,名人,泰勒·斯威夫特,2010,张艺兴,黄子韬,张瀚,迈克尔·杰克逊
137,10137,重庆,重庆,四川大学锦城学院,管理学院,管理学,人力资源,技能,绘画,名人,张艺兴,综艺,热血街舞团,2009,演员的诞生,真正男子汉,我们十七岁,我们十七岁
138,10138,四川,达州市,电子科技大学,外国语学院,文学,英语,综艺,档案,动漫,海贼王,综艺,我们十七岁,2007,奔跑吧,中国式相亲,中国好声音,天天向上
139,10139,四川,宜宾市,电子科技大学,文学与传媒学院,文学,行政管理,技能,摄影,美食,卤肉饭,动漫,灌篮高手,2010,中国惊奇先生,火影忍者,海贼王,无头骑士异闻录
140,10140,四川,自贡市,西南石油大学,外国语学院,文学,旅游英语,动漫,灌篮高手,综艺,创造101,技能,策划,2013,编程,写作,策划,绘画
141,10141,四川,乐山市,西南交通大学,建筑学院,工学,建筑学,综艺,中国式相亲,动漫,死神,美食,烤肉,2011,卤肉饭,卤肉饭,酸菜鱼,酸菜鱼
142,10142,四川,自贡市,西南石油大学,土木与环境工程学院,工学,土木工程,综艺,快乐大本营,名人,迪丽热巴,综艺,奔跑吧,2012,蒙面唱将猜猜猜,极限挑张,天天向上,天天向上
143,10143,四川,乐山市,西南石油大学,计算机学院,工学,应用开发,动漫,死神,综艺,笑傲江湖,名人,张艺兴,2000,新垣结衣,张艺兴,迈克尔·杰克逊,GALA
144,10144,四川,成都市,西华大学,管理学院,管理学,工商管理,名人,吴亦凡,影视,美丽人生,名人,迈克尔·杰克逊,2000,鹿晗,吴亦凡,周杰伦,鹿晗
145,10145,四川,绵阳市,西南石油大学,管理学院,管理学,市场营销,名人,张瀚,影视,霸王别姬,动漫,海贼王,2014,搞笑漫画日和,辛普森的一家,中国惊奇先生,中国惊奇先生
146,10146,四川,成都市,成都信息工程大学,外国语学院,文学,英语,美食,口水鸡,名人,新垣结衣,美食,卤肉饭,2011,口水鸡,牛肉面,卤肉饭,豆腐脑
147,10147,四川,攀枝花市,四川师范大学,外国语学院,文学,旅游英语,综艺,热血街舞团,美食,钵钵鸡,美食,寿司,2012,钵钵鸡,火锅,糖醋排骨,寿司
148,10148,四川,德阳市,电子科技大学,经济学院,经济学,经济学,影视,泰坦尼克号,美食,口水鸡,动漫,海贼王,2015,火影忍者,喜羊羊和灰太狼,命运石之门,妖精的尾巴
149,10149,四川,泸州市,电子科技大学,管理学院,管理学,人力资源,技能,编程,动漫,命运石之门,美食,牛肉面,2012,寿司,酸菜鱼,豆腐脑,火锅
150,10150,四川,达州市,西南交通大学,经济学院,经济学,金融学,动漫,中国惊奇先生,技能,设计,名人,泰勒·斯威夫特,2010,黄子韬,杨幂,新垣结衣,泰勒·斯威夫特
151,10151,四川,达州市,西南财经大学,土木与环境工程学院,工学,土木工程,技能,设计,动漫,中国惊奇先生,美食,串串香,2005,烤肉,麻婆豆腐,卤肉饭,寿司
152,10152,四川,绵阳市,西南石油大学,机械学院,工学,机械设计与制造,美食,三汁焖锅,名人,张瀚,影视,春娇与志明,2000,环太平洋,阿甘正传,帕丁顿熊,霸王别姬
153,10153,四川,雅安市,西南交通大学,经济学院,经济学,经济学,综艺,档案,名人,张瀚,名人,赵丽颖,2016,杨幂,张艺兴,迈克尔·杰克逊,冯小刚
154,10154,四川,成都市,西华大学,经济学院,经济学,经济学,影视,美丽人生,技能,策划,动漫,辛普森的一家,2008,搞笑漫画日和,妖精的尾巴,七龙珠,搞笑漫画日和
155,10155,重庆,重庆,西南石油大学,土木与环境工程学院,工学,建筑工程技术,技能,书法,综艺,老梁故事汇,影视,迪斯尼,2007,终结者,漫威,寻梦幻游记,阿甘正传
156,10156,四川,广元市,成都信息工程大学,经济学院,经济学,保险学,影视,复仇者联盟,名人,黄子韬,综艺,老梁故事汇,2011,演员的诞生,奔跑吧,中国式相亲,中国好声音
157,10157,四川,宜宾市,成都理工大学,管理学院,管理学,市场营销,技能,摄影,综艺,中国好声音,综艺,中国好声音,2004,天天向上,快乐大本营,蒙面唱将猜猜猜,我们十七岁
158,10158,四川,德阳市,四川师范大学,土木与环境工程学院,工学,建筑工程技术,美食,串串香,美食,酸菜鱼,美食,卤肉饭,2015,酸菜鱼,豆腐脑,麻婆豆腐,串串香
159,10159,四川,南充市,成都信息工程大学,土木与环境工程学院,工学,土木工程,技能,绘画,名人,鹿晗,美食,三汁焖锅,2017,酸菜鱼,寿司,三汁焖锅,牛肉面
160,10160,四川,眉山市,四川大学,土木与环境工程学院,工学,建筑工程技术,名人,杨幂,名人,GALA,影视,让子弹飞,2007,缝纫机乐队,复仇者联盟,迪斯尼,春娇与志明
161,10161,四川,自贡市,四川大学锦城学院,土木与环境工程学院,工学,建筑工程技术,动漫,妖精的尾巴,名人,赵丽颖,综艺,真正男子汉,2002,天天向上,奔跑吧,奔跑吧,奔跑吧
162,10162,四川,雅安市,成都信息工程大学,机械学院,工学,机械设计与制造,影视,复仇者联盟,综艺,蒙面唱将猜猜猜,综艺,笑傲江湖,2000,非诚勿扰,热血街舞团,极限挑张,演员的诞生
163,10163,四川,德阳市,成都信息工程大学,计算机学院,工学,网络安全,名人,林允,动漫,妖精的尾巴,动漫,喜羊羊和灰太狼,2001,辛普森的一家,中国惊奇先生,喜羊羊和灰太狼,七龙珠
164,10164,四川,德阳市,西南石油大学,艺术学院,艺术学,产品设计,技能,写作,美食,寿司,美食,卤肉饭,2014,寿司,麻婆豆腐,酸菜鱼,串串香
165,10165,四川,南充市,西南石油大学,财务会计学院,管理学,会计,技能,设计,名人,冯小刚,影视,泰坦尼克号,2005,春娇与志明,泰坦尼克号,漫威,环太平洋
166,10166,四川,宜宾市,西南石油大学,计算机学院,工学,网络安全,动漫,海贼王,动漫,灌篮高手,名人,迈克尔·杰克逊,2000,周杰伦,张艺兴,宋冬野,赵丽颖
167,10167,四川,遂宁市,四川师范大学,土木与环境工程学院,工学,建筑工程技术,动漫,火影忍者,综艺,热血街舞团,动漫,辛普森的一家,2000,命运石之门,灌篮高手,无头骑士异闻录,海贼王
168,10168,四川,资阳市,四川大学,计算机学院,工学,软件工程,名人,张瀚,综艺,演员的诞生,综艺,创造101,2012,蒙面唱将猜猜猜,演员的诞生,演员的诞生,老梁故事汇
169,10169,重庆,重庆,四川大学,土木与环境工程学院,工学,土木工程,综艺,热血街舞团,技能,电子音乐,动漫,搞笑漫画日和,2007,妖精的尾巴,妖精的尾巴,无头骑士异闻录,七龙珠
170,10170,重庆,重庆,四川师范大学,土木与环境工程学院,工学,土木工程,名人,冯小刚,动漫,火影忍者,综艺,天天向上,2012,中国好声音,奔跑吧,天天向上,中国好声音
171,10171,重庆,重庆,四川大学,管理学院,管理学,人力资源,技能,策划,影视,漫威,名人,赵丽颖,2000,宋冬野,周杰伦,GALA,迪丽热巴
172,10172,四川,成都市,西南财经大学,管理学院,管理学,工商管理,综艺,非诚勿扰,技能,书法,影视,泰坦尼克号,2017,海豚湾,霸王别姬,终结者,一代宗师
173,10173,四川,宜宾市,西南石油大学,管理学院,管理学,市场营销,技能,文案,影视,美丽人生,技能,设计,2010,设计,书法,料理,摄影
174,10174,四川,自贡市,西南石油大学,理学院,理学,应用数学,动漫,妖精的尾巴,动漫,中国惊奇先生,名人,周杰伦,2010,迪丽热巴,新垣结衣,赵丽颖,新垣结衣
175,10175,四川,雅安市,西南交通大学,土木与环境工程学院,工学,土木工程,美食,串串香,综艺,极限挑张,名人,冯小刚,2005,鹿晗,泰勒·斯威夫特,迪丽热巴,黄子韬
176,10176,四川,泸州市,西南石油大学,经济学院,经济学,金融学,技能,料理,技能,文案,影视,阿甘正传,2006,阿甘正传,缝纫机乐队,缝纫机乐队,霸王别姬
177,10177,四川,广元市,成都理工大学,电气学院,工学,信息工程,技能,写作,影视,春娇与志明,动漫,辛普森的一家,2011,辛普森的一家,妖精的尾巴,无头骑士异闻录,命运石之门
178,10178,四川,遂宁市,西南交通大学,计算机学院,工学,软件工程,美食,钵钵鸡,技能,策划,技能,编程,2004,花艺,设计,料理,摄影
179,10179,四川,绵阳市,西南石油大学,艺术学院,艺术学,视觉传达,综艺,演员的诞生,名人,林允,技能,书法,2005,写作,电子音乐,文案,绘画
180,10180,四川,雅安市,四川大学锦城学院,计算机学院,工学,网络工程,技能,料理,综艺,非诚勿扰,技能,写作,2001,花艺,绘画,绘画,设计
181,10181,四川,资阳市,西南石油大学,财务会计学院,管理学,财务管理,美食,口水鸡,动漫,死神,动漫,喜羊羊和灰太狼,2007,七龙珠,死神,喜羊羊和灰太狼,海贼王
182,10182,四川,绵阳市,四川师范大学,管理学院,管理学,工商管理,技能,设计,综艺,蒙面唱将猜猜猜,动漫,死神,2004,中国惊奇先生,辛普森的一家,火影忍者,中国惊奇先生
183,10183,四川,宜宾市,四川大学锦城学院,管理学院,管理学,工商管理,动漫,命运石之门,名人,鹿晗,影视,环太平洋,2007,海豚湾,霸王别姬,阿甘正传,迪斯尼
184,10184,四川,德阳市,电子科技大学,管理学院,管理学,工商管理,动漫,命运石之门,技能,书法,美食,烤肉,2009,口水鸡,酸菜鱼,三汁焖锅,麻婆豆腐
185,10185,四川,宜宾市,四川大学锦城学院,计算机学院,工学,软件工程,技能,设计,美食,口水鸡,技能,编程,2005,摄影,电子音乐,电子音乐,策划
186,10186,四川,宜宾市,西南财经大学,经济学院,经济学,经济学,美食,火锅,动漫,灌篮高手,动漫,中国惊奇先生,2011,妖精的尾巴,灌篮高手,搞笑漫画日和,辛普森的一家
187,10187,四川,雅安市,四川师范大学,经济学院,经济学,国际经济与贸易,动漫,搞笑漫画日和,美食,串串香,综艺,老梁故事汇,2008,笑傲江湖,老梁故事汇,笑傲江湖,极限挑张
188,10188,重庆,重庆,四川师范大学,土木与环境工程学院,工学,土木工程,综艺,创造101,综艺,快乐大本营,影视,春娇与志明,2005,让子弹飞,迪斯尼,缝纫机乐队,春娇与志明
189,10189,四川,眉山市,电子科技大学,土木与环境工程学院,工学,建筑工程技术,动漫,妖精的尾巴,动漫,无头骑士异闻录,技能,文案,2017,电子音乐,文案,编程,策划
190,10190,四川,成都市,电子科技大学,土木与环境工程学院,工学,给排水科学与工程,技能,摄影,名人,赵丽颖,综艺,非诚勿扰,2002,笑傲江湖,蒙面唱将猜猜猜,天天向上,真正男子汉
191,10191,四川,广元市,四川大学,计算机学院,工学,应用开发,综艺,非诚勿扰,动漫,妖精的尾巴,美食,牛肉面,2008,口水鸡,三汁焖锅,口水鸡,寿司
192,10192,四川,雅安市,西南石油大学,管理学院,管理学,人力资源,名人,张艺兴,美食,火锅,美食,牛肉面,2001,口水鸡,寿司,鱼香肉丝,串串香
193,10193,四川,成都市,西南财经大学,计算机学院,工学,软件工程,技能,料理,综艺,真正男子汉,名人,黄子韬,2017,冯小刚,张艺兴,GALA,冯小刚
194,10194,四川,攀枝花市,四川大学,财务会计学院,管理学,财务管理,名人,鹿晗,美食,牛肉面,综艺,老梁故事汇,2013,笑傲江湖,创造101,天天向上,极限挑张
195,10195,四川,内江市,电子科技大学,经济学院,经济学,经济学,综艺,蒙面唱将猜猜猜,名人,迈克尔·杰克逊,技能,书法,2009,花艺,摄影,策划,电子音乐
196,10196,四川,资阳市,西南交通大学,土木与环境工程学院,工学,给排水科学与工程,名人,张艺兴,技能,文案,名人,林允,2013,张艺兴,黄子韬,张艺兴,黄子韬
197,10197,四川,德阳市,四川大学,土木与环境工程学院,工学,给排水科学与工程,影视,迪斯尼,综艺,真正男子汉,综艺,快乐大本营,2009,中国式相亲,真正男子汉,老梁故事汇,中国式相亲
198,10198,四川,攀枝花市,成都理工大学,经济学院,经济学,金融学,动漫,喜羊羊和灰太狼,名人,冯小刚,名人,宋冬野,2013,新垣结衣,赵丽颖,杨幂,张艺兴
199,10199,四川,成都市,西南财经大学,管理学院,管理学,人力资源,名人,林允,名人,赵丽颖,影视,一代宗师,2002,美丽人生,一代宗师,迪斯尼,寻梦幻游记
200,10200,重庆,重庆,四川大学,财务会计学院,管理学,审计,影视,泰坦尼克号,综艺,档案,动漫,喜羊羊和灰太狼,2003,灌篮高手,海贼王,命运石之门,中国惊奇先生
201,10201,四川,绵阳市,西南交通大学,财务会计学院,管理学,审计,影视,海豚湾,动漫,灌篮高手,名人,宋冬野,2003,新垣结衣,泰勒·斯威夫特,宋冬野,林允
202,10202,重庆,重庆,西南石油大学,土木与环境工程学院,工学,给排水科学与工程,美食,糖醋排骨,美食,糖醋排骨,影视,复仇者联盟,2017,泰坦尼克号,迪斯尼,一代宗师,海豚湾
203,10203,四川,广元市,成都理工大学,土木与环境工程学院,工学,土木工程,动漫,七龙珠,综艺,中国好声音,技能,电子音乐,2012,书法,料理,策划,书法
204,10204,四川,南充市,成都理工大学,土木与环境工程学院,工学,建筑工程技术,技能,书法,动漫,搞笑漫画日和,动漫,喜羊羊和灰太狼,2001,死神,海贼王,中国惊奇先生,命运石之门
205,10205,四川,攀枝花市,西南石油大学,经济学院,经济学,投资学,名人,林允,动漫,搞笑漫画日和,综艺,档案,2011,快乐大本营,笑傲江湖,天天向上,蒙面唱将猜猜猜
206,10206,四川,攀枝花市,四川大学锦城学院,计算机学院,工学,软件工程,综艺,中国好声音,动漫,妖精的尾巴,名人,迈克尔·杰克逊,2002,泰勒·斯威夫特,新垣结衣,张艺兴,鹿晗
207,10207,四川,成都市,西南财经大学,计算机学院,工学,软件工程,动漫,七龙珠,影视,终结者,技能,花艺,2002,策划,写作,文案,电子音乐
208,10208,四川,德阳市,西南财经大学,计算机学院,工学,应用开发,动漫,死神,名人,鹿晗,动漫,命运石之门,2003,命运石之门,中国惊奇先生,七龙珠,海贼王
209,10209,四川,内江市,西华大学,外国语学院,文学,法语,动漫,中国惊奇先生,技能,设计,美食,酸菜鱼,2003,牛肉面,口水鸡,麻婆豆腐,三汁焖锅
210,10210,四川,达州市,成都信息工程大学,管理学院,管理学,市场营销,影视,让子弹飞,动漫,搞笑漫画日和,影视,一代宗师,2010,环太平洋,复仇者联盟,霸王别姬,霸王别姬
211,10211,四川,泸州市,西南交通大学,财务会计学院,管理学,审计,影视,美丽人生,名人,张瀚,名人,周杰伦,2016,黄子韬,鹿晗,杨幂,黄子韬
212,10212,四川,攀枝花市,西南石油大学,管理学院,管理学,工商管理,动漫,死神,综艺,老梁故事汇,综艺,蒙面唱将猜猜猜,2004,真正男子汉,笑傲江湖,极限挑张,我们十七岁
213,10213,四川,内江市,西南财经大学,经济学院,经济学,经济学,技能,编程,影视,环太平洋,动漫,灌篮高手,2004,死神,七龙珠,命运石之门,海贼王
214,10214,四川,内江市,西华大学,建筑学院,工学,建筑学,美食,糖醋排骨,美食,寿司,动漫,辛普森的一家,2010,喜羊羊和灰太狼,命运石之门,喜羊羊和灰太狼,无头骑士异闻录
215,10215,四川,达州市,四川师范大学,土木与环境工程学院,工学,给排水科学与工程,名人,冯小刚,动漫,喜羊羊和灰太狼,动漫,妖精的尾巴,2015,妖精的尾巴,死神,辛普森的一家,灌篮高手
216,10216,四川,德阳市,成都理工大学,管理学院,管理学,人力资源,技能,编程,名人,GALA,名人,鹿晗,2009,鹿晗,宋冬野,鹿晗,新垣结衣
217,10217,重庆,重庆,四川大学,土木与环境工程学院,工学,给排水科学与工程,动漫,海贼王,技能,文案,综艺,我们十七岁,2000,极限挑张,笑傲江湖,热血街舞团,天天向上
218,10218,四川,南充市,成都信息工程大学,艺术学院,艺术学,表演,动漫,妖精的尾巴,综艺,笑傲江湖,技能,书法,2015,策划,写作,写作,料理
219,10219,重庆,重庆,电子科技大学,管理学院,管理学,工商管理,名人,冯小刚,美食,糖醋排骨,影视,寻梦幻游记,2016,终结者,迪斯尼,迪斯尼,迪斯尼
220,10220,四川,成都市,电子科技大学,管理学院,管理学,工商管理,美食,糖醋排骨,影视,让子弹飞,技能,绘画,2001,策划,写作,摄影,文案
221,10221,四川,攀枝花市,西南财经大学,计算机学院,工学,软件工程,技能,料理,动漫,中国惊奇先生,影视,复仇者联盟,2017,迪斯尼,终结者,一代宗师,海豚湾
222,10222,四川,广元市,四川大学锦城学院,管理学院,管理学,市场营销,美食,牛肉面,综艺,热血街舞团,综艺,天天向上,2010,天天向上,创造101,真正男子汉,非诚勿扰
223,10223,四川,成都市,成都信息工程大学,管理学院,管理学,工商管理,综艺,我们十七岁,名人,赵丽颖,技能,花艺,2009,摄影,编程,电子音乐,编程
224,10224,四川,宜宾市,成都理工大学,艺术学院,艺术学,播音主持,名人,赵丽颖,动漫,七龙珠,技能,写作,2014,料理,文案,书法,编程
225,10225,四川,德阳市,四川师范大学,管理学院,管理学,市场营销,动漫,海贼王,影视,寻梦幻游记,综艺,中国好声音,2014,创造101,档案,天天向上,蒙面唱将猜猜猜
226,10226,四川,遂宁市,成都理工大学,管理学院,管理学,工商管理,美食,寿司,技能,书法,美食,卤肉饭,2001,鱼香肉丝,豆腐脑,串串香,豆腐脑
227,10227,四川,广安市,电子科技大学,计算机学院,工学,应用开发,美食,糖醋排骨,影视,阿甘正传,技能,文案,2003,编程,文案,写作,花艺
228,10228,四川,成都市,成都信息工程大学,经济学院,经济学,电子商务,综艺,真正男子汉,美食,串串香,影视,让子弹飞,2005,终结者,霸王别姬,让子弹飞,寻梦幻游记
229,10229,四川,乐山市,西南石油大学,计算机学院,工学,软件工程,美食,串串香,名人,张瀚,综艺,快乐大本营,2005,蒙面唱将猜猜猜,热血街舞团,天天向上,笑傲江湖
230,10230,四川,广元市,四川师范大学,机械学院,工学,机械电子工程,综艺,档案,技能,写作,技能,文案,2003,文案,花艺,料理,摄影
231,10231,重庆,重庆,成都信息工程大学,管理学院,管理学,工商管理,综艺,笑傲江湖,影视,让子弹飞,美食,豆腐脑,2006,卤肉饭,钵钵鸡,火锅,烤肉
232,10232,四川,成都市,西华大学,管理学院,管理学,工商管理,动漫,七龙珠,技能,编程,综艺,中国好声音,2007,笑傲江湖,我们十七岁,老梁故事汇,天天向上
233,10233,重庆,重庆,成都信息工程大学,外国语学院,文学,日语,动漫,妖精的尾巴,影视,寻梦幻游记,美食,三汁焖锅,2006,卤肉饭,烤肉,麻婆豆腐,寿司
234,10234,四川,泸州市,西华大学,艺术学院,艺术学,服装设计,美食,串串香,技能,设计,影视,让子弹飞,2001,霸王别姬,漫威,阿甘正传,霸王别姬
235,10235,四川,巴中市,西南交通大学,管理学院,管理学,人力资源,动漫,中国惊奇先生,综艺,极限挑张,技能,书法,2004,书法,策划,花艺,花艺
236,10236,四川,资阳市,电子科技大学,管理学院,管理学,工商管理,美食,麻婆豆腐,影视,缝纫机乐队,动漫,无头骑士异闻录,2006,中国惊奇先生,死神,妖精的尾巴,灌篮高手
237,10237,四川,绵阳市,西南石油大学,计算机学院,工学,软件工程,影视,一代宗师,影视,春娇与志明,动漫,海贼王,2015,辛普森的一家,妖精的尾巴,灌篮高手,死神
238,10238,四川,德阳市,成都理工大学,土木与环境工程学院,工学,给排水科学与工程,综艺,中国式相亲,名人,赵丽颖,名人,周杰伦,2015,GALA,新垣结衣,鹿晗,新垣结衣
239,10239,四川,凉山州,成都理工大学,土木与环境工程学院,工学,建筑工程技术,影视,终结者,影视,缝纫机乐队,影视,缝纫机乐队,2013,一代宗师,环太平洋,迪斯尼,海豚湾
240,10240,重庆,重庆,西南石油大学,管理学院,管理学,市场营销,动漫,海贼王,动漫,死神,影视,寻梦幻游记,2009,迪斯尼,环太平洋,让子弹飞,漫威
241,10241,四川,广元市,西南石油大学,财务会计学院,管理学,审计,影视,美丽人生,美食,卤肉饭,美食,三汁焖锅,2003,糖醋排骨,火锅,鱼香肉丝,糖醋排骨
242,10242,四川,乐山市,西南财经大学,管理学院,管理学,市场营销,影视,霸王别姬,影视,霸王别姬,技能,书法,2002,绘画,设计,书法,料理
243,10243,四川,达州市,电子科技大学,管理学院,管理学,人力资源,技能,策划,名人,迪丽热巴,技能,电子音乐,2000,书法,写作,编程,设计
244,10244,重庆,重庆,西南石油大学,机械学院,工学,智能控制,综艺,档案,动漫,无头骑士异闻录,技能,编程,2014,写作,文案,设计,文案
245,10245,四川,德阳市,西南石油大学,财务会计学院,管理学,会计,动漫,海贼王,动漫,辛普森的一家,美食,串串香,2002,豆腐脑,串串香,鱼香肉丝,牛肉面
246,10246,四川,成都市,电子科技大学,管理学院,管理学,工商管理,名人,周杰伦,美食,酸菜鱼,影视,终结者,2004,霸王别姬,泰坦尼克号,美丽人生,漫威
247,10247,四川,南充市,西南石油大学,管理学院,管理学,市场营销,动漫,辛普森的一家,名人,赵丽颖,美食,钵钵鸡,2004,酸菜鱼,麻婆豆腐,麻婆豆腐,烤肉
248,10248,重庆,重庆,四川大学,土木与环境工程学院,工学,土木工程,影视,寻梦幻游记,动漫,海贼王,技能,文案,2014,书法,料理,编程,绘画
249,10249,四川,德阳市,四川师范大学,计算机学院,工学,网络工程,综艺,创造101,动漫,海贼王,名人,泰勒·斯威夫特,2016,黄子韬,林允,吴亦凡,林允
250,10250,四川,广元市,西南石油大学,财务会计学院,管理学,财务管理,影视,缝纫机乐队,影视,泰坦尼克号,技能,编程,2007,编程,花艺,花艺,写作
251,10251,四川,泸州市,四川大学锦城学院,计算机学院,工学,网络工程,综艺,演员的诞生,技能,设计,影视,寻梦幻游记,2012,环太平洋,环太平洋,泰坦尼克号,霸王别姬
252,10252,四川,泸州市,四川师范大学,财务会计学院,管理学,财务管理,名人,赵丽颖,影视,环太平洋,名人,泰勒·斯威夫特,2011,宋冬野,迪丽热巴,迈克尔·杰克逊,迪丽热巴
253,10253,四川,泸州市,四川大学,财务会计学院,管理学,审计,技能,策划,综艺,演员的诞生,名人,泰勒·斯威夫特,2011,GALA,林允,迈克尔·杰克逊,吴亦凡
254,10254,四川,资阳市,西华大学,电气学院,工学,微电子,综艺,极限挑张,美食,豆腐脑,影视,阿甘正传,2007,终结者,春娇与志明,阿甘正传,海豚湾
255,10255,四川,德阳市,四川师范大学,财务会计学院,管理学,会计,动漫,妖精的尾巴,名人,黄子韬,技能,花艺,2011,设计,绘画,编程,写作
256,10256,四川,泸州市,西华大学,土木与环境工程学院,工学,建筑工程技术,美食,钵钵鸡,动漫,中国惊奇先生,名人,宋冬野,2002,鹿晗,新垣结衣,黄子韬,杨幂
257,10257,四川,成都市,四川大学锦城学院,艺术学院,艺术学,视觉传达,综艺,中国式相亲,技能,摄影,综艺,档案,2002,极限挑张,档案,热血街舞团,中国好声音
258,10258,四川,资阳市,成都理工大学,土木与环境工程学院,工学,建筑工程技术,综艺,创造101,名人,林允,综艺,极限挑张,2007,演员的诞生,奔跑吧,我们十七岁,快乐大本营
259,10259,四川,乐山市,西华大学,管理学院,管理学,市场营销,美食,豆腐脑,影视,春娇与志明,名人,新垣结衣,2015,泰勒·斯威夫特,GALA,GALA,GALA
260,10260,四川,乐山市,西南财经大学,计算机学院,工学,网络工程,影视,泰坦尼克号,名人,杨幂,动漫,死神,2011,命运石之门,喜羊羊和灰太狼,七龙珠,无头骑士异闻录
261,10261,重庆,重庆,四川师范大学,土木与环境工程学院,工学,建筑工程技术,美食,口水鸡,影视,霸王别姬,动漫,命运石之门,2013,妖精的尾巴,海贼王,辛普森的一家,搞笑漫画日和
262,10262,重庆,重庆,西南石油大学,计算机学院,工学,网络安全,美食,钵钵鸡,影视,美丽人生,技能,花艺,2000,设计,写作,绘画,文案
263,10263,四川,南充市,西南财经大学,计算机学院,工学,网络工程,综艺,奔跑吧,技能,设计,综艺,真正男子汉,2004,天天向上,老梁故事汇,热血街舞团,真正男子汉
264,10264,四川,南充市,西南石油大学,外国语学院,文学,旅游英语,动漫,中国惊奇先生,综艺,奔跑吧,影视,缝纫机乐队,2011,阿甘正传,缝纫机乐队,环太平洋,终结者
265,10265,四川,自贡市,成都理工大学,土木与环境工程学院,工学,土木工程,技能,绘画,名人,张瀚,影视,漫威,2014,阿甘正传,寻梦幻游记,寻梦幻游记,春娇与志明
266,10266,四川,绵阳市,西南财经大学,土木与环境工程学院,工学,建筑工程技术,技能,绘画,名人,新垣结衣,技能,电子音乐,2004,书法,绘画,书法,设计
267,10267,四川,德阳市,成都理工大学,经济学院,经济学,投资学,技能,编程,综艺,极限挑张,名人,吴亦凡,2008,新垣结衣,鹿晗,GALA,新垣结衣
268,10268,重庆,重庆,四川大学,管理学院,管理学,市场营销,名人,周杰伦,影视,终结者,影视,海豚湾,2016,阿甘正传,海豚湾,漫威,阿甘正传
269,10269,四川,攀枝花市,成都理工大学,艺术学院,艺术学,播音主持,影视,一代宗师,美食,豆腐脑,名人,张瀚,2000,鹿晗,周杰伦,新垣结衣,宋冬野
270,10270,四川,自贡市,西南石油大学,管理学院,管理学,人力资源,名人,周杰伦,技能,料理,综艺,非诚勿扰,2006,非诚勿扰,老梁故事汇,档案,真正男子汉
271,10271,四川,成都市,四川大学,机械学院,工学,机械设计与制造,美食,三汁焖锅,名人,杨幂,名人,张瀚,2015,迪丽热巴,泰勒·斯威夫特,新垣结衣,迈克尔·杰克逊
272,10272,重庆,重庆,西南财经大学,土木与环境工程学院,工学,土木工程,名人,泰勒·斯威夫特,技能,文案,综艺,创造101,2003,中国好声音,创造101,中国好声音,中国式相亲
273,10273,四川,德阳市,西南石油大学,财务会计学院,管理学,财务管理,综艺,创造101,动漫,辛普森的一家,技能,摄影,2010,设计,编程,绘画,文案
274,10274,四川,广元市,西南石油大学,经济学院,经济学,经济学,名人,冯小刚,综艺,非诚勿扰,动漫,海贼王,2006,妖精的尾巴,火影忍者,火影忍者,命运石之门
275,10275,四川,广安市,四川大学,土木与环境工程学院,工学,土木工程,动漫,灌篮高手,动漫,妖精的尾巴,综艺,天天向上,2017,天天向上,非诚勿扰,天天向上,我们十七岁
276,10276,四川,南充市,电子科技大学,计算机学院,工学,软件工程,综艺,老梁故事汇,影视,让子弹飞,美食,串串香,2008,钵钵鸡,烤肉,烤肉,卤肉饭
277,10277,四川,资阳市,西南石油大学,土木与环境工程学院,工学,建筑工程技术,动漫,死神,技能,设计,美食,三汁焖锅,2000,火锅,串串香,鱼香肉丝,口水鸡
278,10278,四川,雅安市,四川大学锦城学院,管理学院,管理学,市场营销,名人,林允,动漫,搞笑漫画日和,技能,摄影,2012,花艺,花艺,绘画,书法
279,10279,四川,成都市,成都信息工程大学,管理学院,管理学,市场营销,动漫,喜羊羊和灰太狼,美食,牛肉面,影视,一代宗师,2013,海豚湾,泰坦尼克号,缝纫机乐队,霸王别姬
280,10280,四川,攀枝花市,四川大学,土木与环境工程学院,工学,建筑工程技术,技能,写作,影视,环太平洋,动漫,灌篮高手,2000,妖精的尾巴,喜羊羊和灰太狼,无头骑士异闻录,辛普森的一家
281,10281,四川,自贡市,四川大学锦城学院,土木与环境工程学院,工学,土木工程,名人,林允,综艺,热血街舞团,动漫,无头骑士异闻录,2015,灌篮高手,死神,妖精的尾巴,妖精的尾巴
282,10282,四川,巴中市,四川师范大学,土木与环境工程学院,工学,给排水科学与工程,影视,帕丁顿熊,美食,串串香,技能,文案,2009,写作,电子音乐,书法,策划
283,10283,四川,广元市,四川师范大学,经济学院,经济学,经济学,影视,漫威,美食,麻婆豆腐,技能,文案,2002,电子音乐,编程,书法,编程
284,10284,四川,雅安市,西南石油大学,计算机学院,工学,软件工程,技能,书法,综艺,笑傲江湖,名人,冯小刚,2002,宋冬野,张瀚,迪丽热巴,泰勒·斯威夫特
285,10285,四川,攀枝花市,西南交通大学,经济学院,经济学,保险学,技能,花艺,技能,书法,技能,写作,2017,文案,花艺,编程,绘画
286,10286,四川,遂宁市,成都信息工程大学,计算机学院,工学,网络工程,综艺,蒙面唱将猜猜猜,技能,编程,综艺,蒙面唱将猜猜猜,2004,真正男子汉,真正男子汉,老梁故事汇,档案
287,10287,四川,雅安市,西南交通大学,土木与环境工程学院,工学,给排水科学与工程,名人,张艺兴,影视,帕丁顿熊,综艺,快乐大本营,2013,奔跑吧,奔跑吧,热血街舞团,蒙面唱将猜猜猜
288,10288,四川,资阳市,西南石油大学,管理学院,管理学,人力资源,技能,书法,技能,花艺,综艺,创造101,2012,演员的诞生,蒙面唱将猜猜猜,极限挑张,热血街舞团
289,10289,四川,达州市,西南石油大学,土木与环境工程学院,工学,建筑工程技术,动漫,辛普森的一家,动漫,命运石之门,名人,张艺兴,2002,冯小刚,赵丽颖,黄子韬,杨幂
290,10290,四川,内江市,四川大学锦城学院,管理学院,管理学,人力资源,技能,文案,影视,泰坦尼克号,动漫,喜羊羊和灰太狼,2010,命运石之门,火影忍者,海贼王,七龙珠
291,10291,重庆,重庆,成都信息工程大学,计算机学院,工学,软件工程,美食,麻婆豆腐,名人,黄子韬,综艺,创造101,2010,笑傲江湖,演员的诞生,快乐大本营,非诚勿扰
292,10292,四川,南充市,西南交通大学,电气学院,工学,电气工程,美食,串串香,美食,酸菜鱼,综艺,非诚勿扰,2006,老梁故事汇,蒙面唱将猜猜猜,中国式相亲,非诚勿扰
293,10293,四川,绵阳市,电子科技大学,计算机学院,工学,应用开发,技能,文案,动漫,七龙珠,影视,迪斯尼,2005,让子弹飞,环太平洋,复仇者联盟,泰坦尼克号
294,10294,四川,泸州市,西南交通大学,文学与传媒学院,文学,网络与新媒体,名人,周杰伦,美食,三汁焖锅,动漫,中国惊奇先生,2003,中国惊奇先生,妖精的尾巴,死神,无头骑士异闻录
295,10295,四川,内江市,成都信息工程大学,管理学院,管理学,工商管理,美食,卤肉饭,美食,口水鸡,影视,终结者,2003,阿甘正传,阿甘正传,让子弹飞,春娇与志明
296,10296,四川,广元市,四川大学,管理学院,管理学,工商管理,动漫,海贼王,名人,赵丽颖,动漫,灌篮高手,2000,命运石之门,七龙珠,喜羊羊和灰太狼,中国惊奇先生
297,10297,四川,资阳市,西南石油大学,经济学院,经济学,金融学,影视,霸王别姬,综艺,档案,美食,卤肉饭,2009,烤肉,豆腐脑,烤肉,烤肉
298,10298,四川,德阳市,成都理工大学,电气学院,工学,通信工程,综艺,档案,影视,终结者,影视,寻梦幻游记,2017,美丽人生,环太平洋,终结者,复仇者联盟
299,10299,四川,广安市,西南财经大学,文学与传媒学院,文学,新闻学,综艺,创造101,动漫,海贼王,综艺,快乐大本营,2013,中国好声音,极限挑张,天天向上,蒙面唱将猜猜猜
300,10300,四川,眉山市,西南石油大学,财务会计学院,管理学,财务管理,动漫,搞笑漫画日和,影视,复仇者联盟,综艺,档案,2010,奔跑吧,档案,笑傲江湖,演员的诞生
301,10301,四川,攀枝花市,西南财经大学,计算机学院,工学,软件工程,综艺,热血街舞团,动漫,无头骑士异闻录,技能,摄影,2008,电子音乐,书法,书法,文案
302,10302,四川,自贡市,西南石油大学,土木与环境工程学院,工学,给排水科学与工程,综艺,真正男子汉,美食,钵钵鸡,名人,迈克尔·杰克逊,2016,黄子韬,张瀚,迈克尔·杰克逊,GALA
303,10303,四川,攀枝花市,成都信息工程大学,财务会计学院,管理学,审计,综艺,笑傲江湖,技能,料理,美食,豆腐脑,2007,烤肉,钵钵鸡,烤肉,牛肉面
304,10304,四川,遂宁市,四川师范大学,土木与环境工程学院,工学,土木工程,技能,料理,技能,摄影,动漫,命运石之门,2006,火影忍者,七龙珠,命运石之门,火影忍者
305,10305,四川,南充市,西华大学,文学与传媒学院,文学,网络与新媒体,技能,料理,名人,冯小刚,技能,写作,2008,料理,设计,绘画,料理
306,10306,四川,达州市,四川师范大学,土木与环境工程学院,工学,建筑工程技术,动漫,海贼王,技能,料理,美食,酸菜鱼,2004,口水鸡,钵钵鸡,三汁焖锅,豆腐脑
307,10307,四川,遂宁市,四川大学,土木与环境工程学院,工学,土木工程,综艺,蒙面唱将猜猜猜,综艺,演员的诞生,名人,迪丽热巴,2007,黄子韬,张瀚,迈克尔·杰克逊,迪丽热巴
308,10308,四川,广元市,四川大学,土木与环境工程学院,工学,建筑工程技术,影视,缝纫机乐队,影视,环太平洋,名人,张艺兴,2007,GALA,泰勒·斯威夫特,新垣结衣,赵丽颖
309,10309,四川,眉山市,成都理工大学,经济学院,经济学,经济学,美食,卤肉饭,技能,策划,动漫,死神,2011,命运石之门,妖精的尾巴,火影忍者,火影忍者
310,10310,四川,宜宾市,成都理工大学,艺术学院,艺术学,舞蹈表演,综艺,热血街舞团,综艺,档案,动漫,喜羊羊和灰太狼,2008,辛普森的一家,海贼王,无头骑士异闻录,辛普森的一家
311,10311,四川,绵阳市,成都理工大学,计算机学院,工学,软件工程,影视,一代宗师,名人,张瀚,动漫,妖精的尾巴,2002,辛普森的一家,命运石之门,中国惊奇先生,中国惊奇先生
312,10312,四川,德阳市,西南财经大学,管理学院,管理学,工商管理,动漫,死神,动漫,七龙珠,动漫,命运石之门,2014,海贼王,灌篮高手,辛普森的一家,妖精的尾巴
313,10313,四川,绵阳市,西华大学,电气学院,工学,电气工程,技能,料理,名人,黄子韬,影视,漫威,2017,海豚湾,海豚湾,环太平洋,复仇者联盟
314,10314,四川,自贡市,西南交通大学,财务会计学院,管理学,财务管理,名人,迈克尔·杰克逊,名人,新垣结衣,动漫,命运石之门,2002,妖精的尾巴,妖精的尾巴,喜羊羊和灰太狼,喜羊羊和灰太狼
315,10315,四川,广元市,电子科技大学,管理学院,管理学,工商管理,综艺,中国式相亲,美食,鱼香肉丝,技能,书法,2000,写作,电子音乐,摄影,编程
316,10316,四川,资阳市,西南财经大学,电气学院,工学,自动化,影视,帕丁顿熊,技能,书法,影视,春娇与志明,2008,复仇者联盟,海豚湾,环太平洋,缝纫机乐队
317,10317,四川,泸州市,西南石油大学,电气学院,工学,电气工程,影视,环太平洋,美食,麻婆豆腐,动漫,中国惊奇先生,2015,灌篮高手,七龙珠,死神,死神
318,10318,四川,巴中市,西南石油大学,财务会计学院,管理学,会计,综艺,中国式相亲,动漫,灌篮高手,综艺,天天向上,2004,创造101,档案,演员的诞生,我们十七岁
319,10319,四川,广元市,西南石油大学,计算机学院,工学,软件工程,影视,寻梦幻游记,动漫,死神,影视,帕丁顿熊,2006,漫威,环太平洋,阿甘正传,一代宗师
320,10320,四川,绵阳市,成都理工大学,财务会计学院,管理学,财务管理,影视,帕丁顿熊,动漫,辛普森的一家,美食,麻婆豆腐,2013,麻婆豆腐,钵钵鸡,鱼香肉丝,牛肉面
321,10321,四川,广安市,四川师范大学,土木与环境工程学院,工学,建筑工程技术,名人,杨幂,动漫,七龙珠,技能,书法,2015,书法,电子音乐,文案,料理
322,10322,四川,广元市,西南石油大学,管理学院,管理学,人力资源,影视,漫威,动漫,命运石之门,影视,迪斯尼,2003,寻梦幻游记,霸王别姬,终结者,让子弹飞
323,10323,四川,攀枝花市,西南财经大学,土木与环境工程学院,工学,建筑工程技术,综艺,快乐大本营,美食,鱼香肉丝,综艺,极限挑张,2001,档案,真正男子汉,老梁故事汇,创造101
324,10324,四川,雅安市,西南交通大学,艺术学院,艺术学,视觉传达,影视,美丽人生,技能,花艺,技能,电子音乐,2014,编程,摄影,摄影,编程
325,10325,四川,南充市,成都信息工程大学,经济学院,经济学,经济学,影视,一代宗师,影视,环太平洋,综艺,创造101,2008,老梁故事汇,极限挑张,极限挑张,热血街舞团
326,10326,四川,雅安市,成都信息工程大学,艺术学院,艺术学,广播电视编导,综艺,天天向上,影视,迪斯尼,名人,张艺兴,2008,张艺兴,杨幂,吴亦凡,鹿晗
327,10327,重庆,重庆,西南石油大学,财务会计学院,管理学,会计,技能,设计,技能,花艺,动漫,搞笑漫画日和,2017,火影忍者,辛普森的一家,辛普森的一家,搞笑漫画日和
328,10328,四川,绵阳市,四川大学锦城学院,计算机学院,工学,软件工程,名人,鹿晗,技能,编程,综艺,快乐大本营,2005,中国好声音,蒙面唱将猜猜猜,非诚勿扰,非诚勿扰
329,10329,四川,成都市,西南石油大学,建筑学院,工学,建筑学,综艺,演员的诞生,影视,一代宗师,名人,迪丽热巴,2001,林允,GALA,宋冬野,周杰伦
330,10330,四川,成都市,电子科技大学,经济学院,经济学,国际经济与贸易,名人,黄子韬,美食,麻婆豆腐,美食,鱼香肉丝,2007,火锅,卤肉饭,鱼香肉丝,烤肉
331,10331,四川,乐山市,四川大学,机械学院,工学,机械电子工程,动漫,灌篮高手,动漫,妖精的尾巴,动漫,辛普森的一家,2001,无头骑士异闻录,喜羊羊和灰太狼,命运石之门,灌篮高手
332,10332,四川,资阳市,西南财经大学,管理学院,管理学,人力资源,影视,漫威,技能,设计,动漫,妖精的尾巴,2017,海贼王,七龙珠,中国惊奇先生,无头骑士异闻录
333,10333,四川,遂宁市,电子科技大学,管理学院,管理学,市场营销,技能,摄影,技能,书法,影视,美丽人生,2009,环太平洋,泰坦尼克号,寻梦幻游记,泰坦尼克号
334,10334,四川,成都市,西南石油大学,计算机学院,工学,软件工程,名人,冯小刚,技能,摄影,动漫,七龙珠,2006,辛普森的一家,命运石之门,七龙珠,死神
335,10335,四川,南充市,电子科技大学,机械学院,工学,机械设计与制造,动漫,喜羊羊和灰太狼,综艺,极限挑张,影视,一代宗师,2001,泰坦尼克号,环太平洋,让子弹飞,寻梦幻游记
336,10336,四川,德阳市,四川师范大学,财务会计学院,管理学,财务管理,美食,卤肉饭,名人,林允,影视,一代宗师,2000,泰坦尼克号,终结者,迪斯尼,一代宗师
337,10337,四川,宜宾市,西华大学,土木与环境工程学院,工学,土木工程,技能,文案,综艺,真正男子汉,技能,摄影,2006,策划,书法,写作,文案
338,10338,四川,成都市,电子科技大学,文学与传媒学院,文学,行政管理,动漫,妖精的尾巴,名人,冯小刚,名人,新垣结衣,2005,泰勒·斯威夫特,鹿晗,林允,张艺兴
339,10339,四川,资阳市,四川师范大学,管理学院,管理学,市场营销,技能,料理,动漫,海贼王,美食,鱼香肉丝,2000,酸菜鱼,牛肉面,烤肉,三汁焖锅
340,10340,四川,德阳市,西华大学,土木与环境工程学院,工学,土木工程,美食,火锅,综艺,天天向上,影视,美丽人生,2013,环太平洋,环太平洋,春娇与志明,终结者
341,10341,四川,眉山市,电子科技大学,管理学院,管理学,人力资源,技能,编程,影视,迪斯尼,名人,张瀚,2011,黄子韬,张艺兴,黄子韬,吴亦凡
342,10342,四川,乐山市,西南石油大学,土木与环境工程学院,工学,建筑工程技术,名人,吴亦凡,技能,编程,影视,迪斯尼,2007,漫威,缝纫机乐队,寻梦幻游记,海豚湾
343,10343,四川,成都市,西南石油大学,土木与环境工程学院,工学,建筑工程技术,影视,帕丁顿熊,美食,寿司,影视,漫威,2002,泰坦尼克号,帕丁顿熊,春娇与志明,霸王别姬
344,10344,四川,攀枝花市,成都理工大学,土木与环境工程学院,工学,土木工程,影视,让子弹飞,名人,泰勒·斯威夫特,综艺,热血街舞团,2013,创造101,蒙面唱将猜猜猜,我们十七岁,真正男子汉
345,10345,四川,自贡市,西南财经大学,土木与环境工程学院,工学,建筑工程技术,美食,牛肉面,名人,张瀚,美食,火锅,2005,寿司,鱼香肉丝,串串香,牛肉面
346,10346,四川,成都市,西南石油大学,经济学院,经济学,投资学,影视,让子弹飞,动漫,七龙珠,综艺,中国好声音,2005,中国好声音,真正男子汉,中国式相亲,笑傲江湖
347,10347,重庆,重庆,西南石油大学,建筑学院,工学,建筑学,美食,串串香,影视,泰坦尼克号,技能,文案,2013,电子音乐,摄影,摄影,电子音乐
348,10348,四川,眉山市,西华大学,经济学院,经济学,经济学,技能,书法,技能,绘画,技能,写作,2004,策划,文案,设计,书法
349,10349,四川,资阳市,成都理工大学,管理学院,管理学,市场营销,动漫,灌篮高手,综艺,档案,综艺,快乐大本营,2017,蒙面唱将猜猜猜,蒙面唱将猜猜猜,天天向上,创造101
350,10350,四川,绵阳市,四川师范大学,电气学院,工学,微电子,美食,串串香,美食,鱼香肉丝,影视,霸王别姬,2004,美丽人生,缝纫机乐队,帕丁顿熊,缝纫机乐队
351,10351,四川,达州市,成都理工大学,土木与环境工程学院,工学,土木工程,影视,春娇与志明,影视,美丽人生,综艺,非诚勿扰,2000,非诚勿扰,热血街舞团,笑傲江湖,老梁故事汇
352,10352,四川,眉山市,四川大学,土木与环境工程学院,工学,土木工程,影视,一代宗师,技能,料理,综艺,奔跑吧,2011,创造101,我们十七岁,我们十七岁,天天向上
353,10353,四川,绵阳市,西南石油大学,管理学院,管理学,市场营销,动漫,喜羊羊和灰太狼,影视,让子弹飞,技能,花艺,2017,料理,花艺,绘画,策划
354,10354,四川,南充市,西南石油大学,计算机学院,工学,网络安全,美食,三汁焖锅,名人,张艺兴,名人,吴亦凡,2016,张瀚,鹿晗,林允,GALA
355,10355,四川,雅安市,成都理工大学,土木与环境工程学院,工学,土木工程,技能,文案,名人,GALA,美食,卤肉饭,2013,牛肉面,鱼香肉丝,糖醋排骨,糖醋排骨
356,10356,四川,成都市,四川大学锦城学院,机械学院,工学,机械电子工程,综艺,中国好声音,动漫,七龙珠,美食,火锅,2005,火锅,钵钵鸡,糖醋排骨,钵钵鸡
357,10357,四川,雅安市,四川大学,管理学院,管理学,人力资源,美食,牛肉面,美食,麻婆豆腐,美食,牛肉面,2002,卤肉饭,豆腐脑,鱼香肉丝,酸菜鱼
358,10358,四川,自贡市,四川师范大学,机械学院,工学,测控技术与仪器,综艺,演员的诞生,名人,泰勒·斯威夫特,动漫,灌篮高手,2015,辛普森的一家,命运石之门,火影忍者,中国惊奇先生
359,10359,四川,绵阳市,成都信息工程大学,土木与环境工程学院,工学,土木工程,名人,迪丽热巴,综艺,天天向上,技能,策划,2013,电子音乐,写作,编程,设计
360,10360,四川,宜宾市,四川师范大学,经济学院,经济学,经济学,影视,阿甘正传,技能,写作,动漫,命运石之门,2012,海贼王,海贼王,七龙珠,喜羊羊和灰太狼
361,10361,四川,绵阳市,西南财经大学,管理学院,管理学,工商管理,动漫,喜羊羊和灰太狼,动漫,喜羊羊和灰太狼,名人,迈克尔·杰克逊,2016,张艺兴,张艺兴,GALA,冯小刚
362,10362,四川,南充市,西南财经大学,土木与环境工程学院,工学,土木工程,影视,春娇与志明,动漫,喜羊羊和灰太狼,技能,策划,2000,料理,文案,料理,书法
363,10363,四川,自贡市,西华大学,管理学院,管理学,工商管理,影视,环太平洋,美食,口水鸡,名人,宋冬野,2008,吴亦凡,黄子韬,黄子韬,张艺兴
364,10364,四川,成都市,西南交通大学,经济学院,经济学,经济学,动漫,中国惊奇先生,综艺,快乐大本营,技能,文案,2009,策划,写作,文案,写作
365,10365,四川,宜宾市,西华大学,土木与环境工程学院,工学,建筑工程技术,影视,让子弹飞,综艺,热血街舞团,影视,缝纫机乐队,2004,终结者,漫威,春娇与志明,漫威
366,10366,四川,宜宾市,电子科技大学,土木与环境工程学院,工学,建筑工程技术,综艺,快乐大本营,综艺,笑傲江湖,名人,杨幂,2002,宋冬野,林允,迪丽热巴,新垣结衣
367,10367,四川,自贡市,四川大学,管理学院,管理学,市场营销,美食,糖醋排骨,综艺,非诚勿扰,技能,花艺,2006,花艺,摄影,设计,设计
368,10368,四川,资阳市,四川大学锦城学院,财务会计学院,管理学,会计,美食,糖醋排骨,动漫,中国惊奇先生,美食,三汁焖锅,2009,卤肉饭,豆腐脑,烤肉,卤肉饭
369,10369,四川,成都市,西南交通大学,管理学院,管理学,市场营销,名人,张艺兴,影视,迪斯尼,影视,美丽人生,2011,让子弹飞,海豚湾,阿甘正传,寻梦幻游记
370,10370,四川,成都市,西南石油大学,管理学院,管理学,工商管理,技能,设计,动漫,死神,综艺,蒙面唱将猜猜猜,2012,演员的诞生,奔跑吧,笑傲江湖,非诚勿扰
371,10371,四川,成都市,西南财经大学,管理学院,管理学,工商管理,名人,迈克尔·杰克逊,技能,书法,动漫,命运石之门,2009,七龙珠,无头骑士异闻录,命运石之门,中国惊奇先生
372,10372,四川,绵阳市,四川师范大学,管理学院,管理学,工商管理,综艺,快乐大本营,综艺,热血街舞团,影视,环太平洋,2001,复仇者联盟,泰坦尼克号,终结者,一代宗师
373,10373,四川,广安市,四川大学锦城学院,理学院,理学,化学,影视,泰坦尼克号,美食,麻婆豆腐,技能,写作,2010,电子音乐,策划,写作,花艺
374,10374,四川,宜宾市,成都信息工程大学,艺术学院,艺术学,服装设计,动漫,死神,名人,吴亦凡,影视,终结者,2003,泰坦尼克号,迪斯尼,迪斯尼,霸王别姬
375,10375,四川,凉山州,西南交通大学,理学院,理学,信息与计算科学,美食,糖醋排骨,技能,文案,美食,麻婆豆腐,2010,三汁焖锅,烤肉,麻婆豆腐,糖醋排骨
376,10376,四川,遂宁市,西华大学,经济学院,经济学,经济学,名人,新垣结衣,名人,GALA,名人,冯小刚,2002,周杰伦,吴亦凡,新垣结衣,张艺兴
377,10377,四川,宜宾市,成都信息工程大学,计算机学院,工学,网络工程,动漫,七龙珠,名人,泰勒·斯威夫特,美食,糖醋排骨,2012,糖醋排骨,糖醋排骨,糖醋排骨,三汁焖锅
378,10378,四川,德阳市,西南财经大学,机械学院,工学,机械电子工程,综艺,演员的诞生,名人,张瀚,影视,寻梦幻游记,2009,寻梦幻游记,泰坦尼克号,迪斯尼,终结者
379,10379,四川,自贡市,电子科技大学,经济学院,经济学,金融学,动漫,辛普森的一家,美食,三汁焖锅,技能,策划,2008,策划,摄影,电子音乐,编程
380,10380,四川,泸州市,成都信息工程大学,计算机学院,工学,软件工程,综艺,真正男子汉,技能,摄影,动漫,喜羊羊和灰太狼,2005,七龙珠,命运石之门,喜羊羊和灰太狼,无头骑士异闻录
381,10381,重庆,重庆,成都信息工程大学,经济学院,经济学,投资学,综艺,非诚勿扰,名人,迈克尔·杰克逊,影视,寻梦幻游记,2011,一代宗师,终结者,阿甘正传,漫威
382,10382,重庆,重庆,西南交通大学,财务会计学院,管理学,财务管理,动漫,搞笑漫画日和,动漫,七龙珠,名人,宋冬野,2012,泰勒·斯威夫特,吴亦凡,黄子韬,周杰伦
383,10383,四川,雅安市,西南石油大学,管理学院,管理学,人力资源,综艺,热血街舞团,美食,烤肉,动漫,七龙珠,2014,喜羊羊和灰太狼,命运石之门,中国惊奇先生,命运石之门
384,10384,四川,广安市,四川大学,财务会计学院,管理学,财务管理,动漫,中国惊奇先生,技能,文案,影视,寻梦幻游记,2004,寻梦幻游记,漫威,缝纫机乐队,泰坦尼克号
385,10385,四川,德阳市,成都信息工程大学,管理学院,管理学,人力资源,综艺,热血街舞团,影视,复仇者联盟,综艺,我们十七岁,2012,创造101,热血街舞团,我们十七岁,笑傲江湖
386,10386,四川,攀枝花市,四川师范大学,建筑学院,工学,建筑学,名人,迈克尔·杰克逊,名人,宋冬野,动漫,辛普森的一家,2003,妖精的尾巴,七龙珠,七龙珠,妖精的尾巴
387,10387,四川,眉山市,西南交通大学,管理学院,管理学,市场营销,影视,一代宗师,影视,复仇者联盟,技能,编程,2016,料理,设计,书法,策划
388,10388,四川,成都市,电子科技大学,管理学院,管理学,市场营销,动漫,喜羊羊和灰太狼,综艺,档案,动漫,妖精的尾巴,2015,喜羊羊和灰太狼,无头骑士异闻录,火影忍者,妖精的尾巴
389,10389,重庆,重庆,西南石油大学,土木与环境工程学院,工学,给排水科学与工程,技能,策划,名人,宋冬野,技能,设计,2003,写作,电子音乐,花艺,料理
390,10390,四川,成都市,西南石油大学,计算机学院,工学,网络工程,技能,花艺,名人,黄子韬,影视,春娇与志明,2014,一代宗师,复仇者联盟,复仇者联盟,终结者
391,10391,四川,成都市,四川大学锦城学院,管理学院,管理学,工商管理,动漫,火影忍者,影视,复仇者联盟,综艺,极限挑张,2006,老梁故事汇,我们十七岁,真正男子汉,创造101
392,10392,重庆,重庆,西南财经大学,管理学院,管理学,工商管理,美食,火锅,名人,宋冬野,技能,文案,2011,策划,文案,设计,写作
393,10393,四川,成都市,四川大学,理学院,理学,化学,动漫,灌篮高手,影视,泰坦尼克号,技能,料理,2012,策划,花艺,文案,设计
394,10394,四川,自贡市,西南石油大学,管理学院,管理学,人力资源,动漫,海贼王,影视,寻梦幻游记,综艺,创造101,2007,我们十七岁,老梁故事汇,奔跑吧,中国式相亲
395,10395,四川,自贡市,四川大学锦城学院,经济学院,经济学,金融学,影视,阿甘正传,技能,文案,技能,书法,2006,编程,写作,花艺,文案
396,10396,四川,宜宾市,西南交通大学,管理学院,管理学,工商管理,综艺,档案,综艺,真正男子汉,影视,终结者,2000,帕丁顿熊,霸王别姬,泰坦尼克号,终结者
397,10397,四川,绵阳市,西南交通大学,经济学院,经济学,投资学,综艺,奔跑吧,动漫,命运石之门,名人,冯小刚,2005,林允,赵丽颖,GALA,迪丽热巴
398,10398,四川,德阳市,四川大学,土木与环境工程学院,工学,土木工程,动漫,七龙珠,综艺,创造101,综艺,笑傲江湖,2016,快乐大本营,笑傲江湖,演员的诞生,快乐大本营
399,10399,重庆,重庆,西南财经大学,管理学院,管理学,市场营销,名人,赵丽颖,技能,书法,影视,春娇与志明,2014,春娇与志明,美丽人生,迪斯尼,环太平洋
400,10400,四川,雅安市,西南财经大学,计算机学院,工学,软件工程,综艺,非诚勿扰,美食,牛肉面,美食,口水鸡,2007,牛肉面,卤肉饭,火锅,口水鸡
401,10401,四川,眉山市,电子科技大学,艺术学院,艺术学,舞蹈表演,名人,张艺兴,名人,宋冬野,美食,卤肉饭,2017,酸菜鱼,口水鸡,卤肉饭,豆腐脑
402,10402,四川,绵阳市,电子科技大学,土木与环境工程学院,工学,建筑工程技术,技能,写作,名人,迪丽热巴,动漫,七龙珠,2013,妖精的尾巴,死神,辛普森的一家,妖精的尾巴
403,10403,四川,宜宾市,西南石油大学,管理学院,管理学,市场营销,技能,料理,影视,泰坦尼克号,综艺,奔跑吧,2015,热血街舞团,热血街舞团,天天向上,老梁故事汇
404,10404,四川,遂宁市,西南财经大学,管理学院,管理学,工商管理,影视,迪斯尼,综艺,笑傲江湖,动漫,无头骑士异闻录,2001,命运石之门,灌篮高手,无头骑士异闻录,中国惊奇先生
405,10405,四川,内江市,成都理工大学,土木与环境工程学院,工学,建筑工程技术,技能,策划,美食,糖醋排骨,名人,鹿晗,2000,迪丽热巴,林允,泰勒·斯威夫特,GALA
406,10406,四川,德阳市,成都理工大学,经济学院,经济学,电子商务,动漫,火影忍者,美食,火锅,影视,让子弹飞,2014,缝纫机乐队,让子弹飞,终结者,复仇者联盟
407,10407,四川,成都市,西南石油大学,管理学院,管理学,市场营销,动漫,灌篮高手,名人,冯小刚,动漫,灌篮高手,2009,妖精的尾巴,搞笑漫画日和,喜羊羊和灰太狼,辛普森的一家
408,10408,四川,泸州市,西南财经大学,计算机学院,工学,网络工程,美食,口水鸡,名人,新垣结衣,技能,设计,2005,编程,绘画,写作,策划
409,10409,四川,宜宾市,成都信息工程大学,土木与环境工程学院,工学,土木工程,技能,料理,动漫,搞笑漫画日和,技能,电子音乐,2010,文案,摄影,设计,电子音乐
410,10410,四川,宜宾市,西华大学,文学与传媒学院,文学,新闻学,名人,迈克尔·杰克逊,美食,麻婆豆腐,技能,书法,2006,文案,书法,料理,电子音乐
411,10411,四川,眉山市,成都信息工程大学,管理学院,管理学,市场营销,影视,海豚湾,美食,麻婆豆腐,名人,黄子韬,2011,迈克尔·杰克逊,迈克尔·杰克逊,杨幂,赵丽颖
412,10412,四川,达州市,西华大学,电气学院,工学,微电子,综艺,中国式相亲,动漫,火影忍者,美食,麻婆豆腐,2010,麻婆豆腐,牛肉面,麻婆豆腐,麻婆豆腐
413,10413,重庆,重庆,四川师范大学,计算机学院,工学,应用开发,名人,迪丽热巴,影视,帕丁顿熊,美食,麻婆豆腐,2012,钵钵鸡,钵钵鸡,豆腐脑,麻婆豆腐
414,10414,四川,攀枝花市,成都信息工程大学,土木与环境工程学院,工学,土木工程,美食,火锅,技能,绘画,动漫,灌篮高手,2017,中国惊奇先生,死神,辛普森的一家,中国惊奇先生
415,10415,四川,成都市,西南财经大学,经济学院,经济学,经济学,技能,花艺,影视,环太平洋,综艺,奔跑吧,2017,真正男子汉,奔跑吧,非诚勿扰,创造101
416,10416,重庆,重庆,西南财经大学,管理学院,管理学,市场营销,动漫,辛普森的一家,名人,林允,名人,周杰伦,2007,冯小刚,黄子韬,周杰伦,泰勒·斯威夫特
417,10417,四川,泸州市,四川大学,管理学院,管理学,工商管理,技能,设计,技能,料理,美食,串串香,2011,串串香,糖醋排骨,糖醋排骨,鱼香肉丝
418,10418,四川,成都市,四川大学锦城学院,管理学院,管理学,工商管理,技能,写作,动漫,搞笑漫画日和,美食,三汁焖锅,2016,豆腐脑,口水鸡,钵钵鸡,牛肉面
419,10419,四川,资阳市,成都理工大学,管理学院,管理学,市场营销,动漫,灌篮高手,动漫,命运石之门,影视,海豚湾,2015,让子弹飞,霸王别姬,海豚湾,环太平洋
420,10420,四川,攀枝花市,成都信息工程大学,土木与环境工程学院,工学,建筑工程技术,名人,黄子韬,动漫,死神,技能,料理,2010,编程,设计,编程,策划
421,10421,四川,绵阳市,西南交通大学,管理学院,管理学,人力资源,动漫,火影忍者,综艺,蒙面唱将猜猜猜,技能,绘画,2004,书法,花艺,绘画,电子音乐
422,10422,重庆,重庆,西南石油大学,管理学院,管理学,市场营销,综艺,天天向上,技能,编程,动漫,中国惊奇先生,2003,七龙珠,灌篮高手,命运石之门,搞笑漫画日和
423,10423,重庆,重庆,西南石油大学,建筑学院,工学,建筑学,技能,料理,影视,一代宗师,影视,阿甘正传,2001,春娇与志明,春娇与志明,春娇与志明,泰坦尼克号
424,10424,四川,阿坝州,西南石油大学,土木与环境工程学院,工学,给排水科学与工程,名人,泰勒·斯威夫特,技能,编程,综艺,我们十七岁,2005,非诚勿扰,演员的诞生,演员的诞生,快乐大本营
425,10425,四川,眉山市,电子科技大学,管理学院,管理学,工商管理,综艺,老梁故事汇,名人,张瀚,美食,串串香,2006,烤肉,口水鸡,烤肉,火锅
426,10426,四川,眉山市,西南石油大学,管理学院,管理学,工商管理,技能,料理,技能,花艺,影视,海豚湾,2015,让子弹飞,春娇与志明,泰坦尼克号,寻梦幻游记
427,10427,重庆,重庆,西华大学,土木与环境工程学院,工学,建筑工程技术,影视,让子弹飞,技能,电子音乐,技能,料理,2005,策划,策划,绘画,编程
428,10428,四川,泸州市,电子科技大学,财务会计学院,管理学,审计,影视,终结者,影视,海豚湾,技能,策划,2011,策划,文案,文案,花艺
429,10429,重庆,重庆,西南交通大学,管理学院,管理学,人力资源,综艺,笑傲江湖,美食,口水鸡,影视,泰坦尼克号,2016,环太平洋,泰坦尼克号,一代宗师,海豚湾
430,10430,四川,雅安市,西南财经大学,计算机学院,工学,网络工程,美食,卤肉饭,影视,春娇与志明,美食,寿司,2000,鱼香肉丝,麻婆豆腐,火锅,口水鸡
431,10431,四川,资阳市,西南石油大学,土木与环境工程学院,工学,建筑工程技术,美食,酸菜鱼,技能,摄影,影视,春娇与志明,2005,一代宗师,泰坦尼克号,环太平洋,美丽人生
432,10432,四川,资阳市,西南财经大学,管理学院,管理学,工商管理,动漫,命运石之门,名人,杨幂,影视,一代宗师,2004,环太平洋,复仇者联盟,漫威,泰坦尼克号
433,10433,四川,宜宾市,西南石油大学,土木与环境工程学院,工学,给排水科学与工程,影视,春娇与志明,动漫,无头骑士异闻录,动漫,中国惊奇先生,2014,灌篮高手,无头骑士异闻录,辛普森的一家,中国惊奇先生
434,10434,四川,成都市,西南石油大学,财务会计学院,管理学,会计,技能,书法,名人,GALA,综艺,笑傲江湖,2003,档案,真正男子汉,老梁故事汇,快乐大本营
435,10435,四川,绵阳市,四川大学锦城学院,计算机学院,工学,应用开发,技能,编程,动漫,中国惊奇先生,影视,霸王别姬,2011,终结者,复仇者联盟,帕丁顿熊,复仇者联盟
436,10436,四川,达州市,西南石油大学,经济学院,经济学,经济学,美食,烤肉,影视,霸王别姬,名人,泰勒·斯威夫特,2015,鹿晗,张艺兴,周杰伦,迈克尔·杰克逊
437,10437,四川,宜宾市,西南交通大学,艺术学院,艺术学,视觉传达,综艺,演员的诞生,综艺,演员的诞生,技能,花艺,2011,绘画,摄影,料理,设计
438,10438,四川,达州市,成都信息工程大学,土木与环境工程学院,工学,土木工程,影视,复仇者联盟,综艺,非诚勿扰,影视,迪斯尼,2011,终结者,春娇与志明,春娇与志明,复仇者联盟
439,10439,四川,眉山市,西南石油大学,土木与环境工程学院,工学,建筑工程技术,综艺,热血街舞团,综艺,创造101,综艺,演员的诞生,2011,极限挑张,中国好声音,快乐大本营,中国式相亲
440,10440,四川,宜宾市,西南交通大学,管理学院,管理学,市场营销,技能,设计,影视,缝纫机乐队,美食,三汁焖锅,2017,鱼香肉丝,串串香,牛肉面,火锅
441,10441,四川,内江市,成都信息工程大学,管理学院,管理学,工商管理,美食,酸菜鱼,美食,口水鸡,美食,钵钵鸡,2012,酸菜鱼,寿司,酸菜鱼,豆腐脑
442,10442,四川,乐山市,西南石油大学,管理学院,管理学,市场营销,影视,终结者,美食,寿司,技能,料理,2012,料理,料理,花艺,绘画
443,10443,四川,成都市,四川大学锦城学院,建筑学院,工学,城乡规划,综艺,热血街舞团,影视,环太平洋,名人,迈克尔·杰克逊,2016,GALA,新垣结衣,林允,张艺兴
444,10444,四川,泸州市,四川大学锦城学院,土木与环境工程学院,工学,建筑工程技术,动漫,七龙珠,名人,林允,综艺,快乐大本营,2007,快乐大本营,老梁故事汇,蒙面唱将猜猜猜,我们十七岁
445,10445,四川,成都市,西南石油大学,管理学院,管理学,市场营销,技能,绘画,名人,张瀚,影视,环太平洋,2001,缝纫机乐队,漫威,美丽人生,帕丁顿熊
446,10446,四川,内江市,西南石油大学,土木与环境工程学院,工学,建筑工程技术,美食,串串香,影视,美丽人生,影视,复仇者联盟,2007,泰坦尼克号,漫威,阿甘正传,环太平洋
447,10447,四川,攀枝花市,西南石油大学,土木与环境工程学院,工学,土木工程,综艺,真正男子汉,综艺,热血街舞团,技能,摄影,2002,策划,设计,料理,编程
448,10448,四川,自贡市,西华大学,计算机学院,工学,网络工程,技能,书法,美食,豆腐脑,影视,终结者,2014,漫威,环太平洋,霸王别姬,缝纫机乐队
449,10449,四川,宜宾市,成都信息工程大学,艺术学院,艺术学,舞蹈表演,美食,麻婆豆腐,技能,摄影,技能,策划,2007,书法,编程,料理,摄影
450,10450,四川,资阳市,西南石油大学,经济学院,经济学,保险学,综艺,奔跑吧,技能,绘画,综艺,档案,2012,热血街舞团,中国好声音,创造101,天天向上
451,10451,四川,达州市,四川大学锦城学院,经济学院,经济学,经济学,名人,张艺兴,美食,鱼香肉丝,技能,花艺,2012,绘画,绘画,文案,设计
452,10452,重庆,重庆,电子科技大学,管理学院,管理学,人力资源,美食,糖醋排骨,影视,霸王别姬,动漫,搞笑漫画日和,2006,灌篮高手,喜羊羊和灰太狼,海贼王,搞笑漫画日和
453,10453,四川,乐山市,西南财经大学,土木与环境工程学院,工学,土木工程,影视,霸王别姬,名人,林允,名人,张艺兴,2013,鹿晗,泰勒·斯威夫特,GALA,吴亦凡
454,10454,四川,阿坝州,西南交通大学,电气学院,工学,信息工程,综艺,热血街舞团,动漫,辛普森的一家,名人,新垣结衣,2017,林允,鹿晗,迪丽热巴,迪丽热巴
455,10455,四川,遂宁市,西南石油大学,管理学院,管理学,市场营销,动漫,中国惊奇先生,技能,策划,动漫,喜羊羊和灰太狼,2016,灌篮高手,搞笑漫画日和,喜羊羊和灰太狼,中国惊奇先生
456,10456,四川,绵阳市,西南石油大学,管理学院,管理学,工商管理,综艺,中国好声音,名人,张瀚,技能,编程,2017,摄影,书法,绘画,策划
457,10457,四川,德阳市,四川大学锦城学院,财务会计学院,管理学,审计,影视,让子弹飞,技能,编程,综艺,中国好声音,2010,奔跑吧,非诚勿扰,老梁故事汇,天天向上
458,10458,四川,乐山市,西南交通大学,外国语学院,文学,日语,美食,钵钵鸡,综艺,天天向上,动漫,命运石之门,2017,火影忍者,火影忍者,无头骑士异闻录,七龙珠
459,10459,四川,资阳市,成都信息工程大学,文学与传媒学院,文学,汉语言文学,名人,新垣结衣,动漫,死神,技能,料理,2011,写作,摄影,编程,电子音乐
460,10460,四川,南充市,四川大学锦城学院,经济学院,经济学,经济学,技能,编程,名人,赵丽颖,名人,冯小刚,2012,GALA,迈克尔·杰克逊,冯小刚,冯小刚
461,10461,四川,资阳市,西南石油大学,文学与传媒学院,文学,行政管理,影视,霸王别姬,名人,杨幂,动漫,无头骑士异闻录,2001,灌篮高手,死神,灌篮高手,海贼王
462,10462,四川,南充市,西南石油大学,管理学院,管理学,人力资源,美食,酸菜鱼,名人,鹿晗,美食,烤肉,2002,麻婆豆腐,酸菜鱼,鱼香肉丝,钵钵鸡
463,10463,四川,自贡市,西南交通大学,土木与环境工程学院,工学,建筑工程技术,综艺,中国好声音,美食,火锅,技能,编程,2004,编程,文案,策划,文案
464,10464,四川,成都市,成都信息工程大学,经济学院,经济学,保险学,综艺,极限挑张,综艺,非诚勿扰,综艺,快乐大本营,2008,热血街舞团,老梁故事汇,真正男子汉,笑傲江湖
465,10465,四川,内江市,西华大学,土木与环境工程学院,工学,土木工程,美食,牛肉面,美食,糖醋排骨,美食,火锅,2013,三汁焖锅,串串香,糖醋排骨,糖醋排骨
466,10466,四川,广安市,西南石油大学,外国语学院,文学,英语,技能,写作,美食,麻婆豆腐,美食,口水鸡,2004,三汁焖锅,糖醋排骨,三汁焖锅,酸菜鱼
467,10467,四川,成都市,西华大学,管理学院,管理学,人力资源,综艺,天天向上,综艺,热血街舞团,综艺,真正男子汉,2003,档案,极限挑张,天天向上,极限挑张
468,10468,重庆,重庆,西南石油大学,土木与环境工程学院,工学,建筑工程技术,影视,让子弹飞,动漫,中国惊奇先生,综艺,中国式相亲,2000,非诚勿扰,热血街舞团,非诚勿扰,真正男子汉
469,10469,四川,成都市,电子科技大学,计算机学院,工学,应用开发,美食,卤肉饭,综艺,创造101,动漫,喜羊羊和灰太狼,2007,喜羊羊和灰太狼,七龙珠,中国惊奇先生,七龙珠
470,10470,四川,攀枝花市,电子科技大学,机械学院,工学,机械设计与制造,综艺,真正男子汉,技能,写作,综艺,奔跑吧,2014,蒙面唱将猜猜猜,创造101,创造101,创造101
471,10471,四川,泸州市,电子科技大学,财务会计学院,管理学,审计,影视,海豚湾,影视,漫威,名人,杨幂,2009,泰勒·斯威夫特,鹿晗,冯小刚,林允
472,10472,四川,攀枝花市,四川大学锦城学院,土木与环境工程学院,工学,建筑工程技术,动漫,喜羊羊和灰太狼,名人,GALA,动漫,喜羊羊和灰太狼,2015,搞笑漫画日和,中国惊奇先生,海贼王,死神
473,10473,四川,资阳市,成都信息工程大学,管理学院,管理学,工商管理,美食,火锅,美食,麻婆豆腐,影视,缝纫机乐队,2009,环太平洋,阿甘正传,霸王别姬,阿甘正传
474,10474,四川,成都市,电子科技大学,土木与环境工程学院,工学,建筑工程技术,名人,杨幂,技能,编程,美食,口水鸡,2011,豆腐脑,豆腐脑,卤肉饭,酸菜鱼
475,10475,四川,绵阳市,成都理工大学,土木与环境工程学院,工学,土木工程,影视,环太平洋,动漫,七龙珠,名人,张艺兴,2006,泰勒·斯威夫特,迈克尔·杰克逊,赵丽颖,杨幂
476,10476,四川,绵阳市,西南财经大学,管理学院,管理学,工商管理,综艺,我们十七岁,名人,宋冬野,美食,串串香,2013,酸菜鱼,火锅,串串香,钵钵鸡
477,10477,重庆,重庆,成都信息工程大学,土木与环境工程学院,工学,土木工程,技能,摄影,综艺,真正男子汉,动漫,搞笑漫画日和,2004,命运石之门,命运石之门,灌篮高手,海贼王
478,10478,四川,资阳市,西南石油大学,土木与环境工程学院,工学,建筑工程技术,综艺,蒙面唱将猜猜猜,动漫,无头骑士异闻录,综艺,非诚勿扰,2000,快乐大本营,快乐大本营,真正男子汉,笑傲江湖
479,10479,四川,遂宁市,四川大学,土木与环境工程学院,工学,建筑工程技术,综艺,奔跑吧,动漫,海贼王,名人,迈克尔·杰克逊,2002,宋冬野,迪丽热巴,迈克尔·杰克逊,迈克尔·杰克逊
480,10480,重庆,重庆,成都理工大学,财务会计学院,管理学,财务管理,技能,写作,技能,绘画,美食,钵钵鸡,2010,三汁焖锅,火锅,鱼香肉丝,口水鸡
481,10481,四川,遂宁市,成都信息工程大学,外国语学院,文学,日语,综艺,极限挑张,影视,迪斯尼,动漫,中国惊奇先生,2015,辛普森的一家,灌篮高手,喜羊羊和灰太狼,命运石之门
482,10482,重庆,重庆,西南财经大学,经济学院,经济学,金融学,综艺,极限挑张,影视,阿甘正传,影视,阿甘正传,2012,一代宗师,终结者,美丽人生,霸王别姬
483,10483,四川,泸州市,四川大学锦城学院,财务会计学院,管理学,审计,动漫,妖精的尾巴,影视,缝纫机乐队,名人,宋冬野,2005,宋冬野,杨幂,吴亦凡,冯小刚
484,10484,四川,成都市,西南交通大学,财务会计学院,管理学,会计,综艺,笑傲江湖,动漫,灌篮高手,名人,泰勒·斯威夫特,2003,迈克尔·杰克逊,张瀚,GALA,新垣结衣
485,10485,四川,攀枝花市,四川大学,艺术学院,艺术学,舞蹈表演,动漫,辛普森的一家,技能,书法,美食,钵钵鸡,2010,豆腐脑,牛肉面,烤肉,火锅
486,10486,四川,内江市,西南交通大学,文学与传媒学院,文学,汉语言文学,影视,海豚湾,美食,三汁焖锅,技能,设计,2007,策划,设计,文案,料理
487,10487,四川,成都市,四川师范大学,土木与环境工程学院,工学,建筑工程技术,影视,海豚湾,名人,周杰伦,名人,GALA,2017,周杰伦,宋冬野,赵丽颖,赵丽颖
488,10488,四川,南充市,电子科技大学,艺术学院,艺术学,广播电视编导,技能,摄影,动漫,喜羊羊和灰太狼,影视,终结者,2010,让子弹飞,寻梦幻游记,一代宗师,美丽人生
489,10489,四川,成都市,西南财经大学,机械学院,工学,机械电子工程,综艺,真正男子汉,综艺,快乐大本营,技能,策划,2003,书法,设计,花艺,策划
490,10490,四川,内江市,四川师范大学,管理学院,管理学,市场营销,影视,让子弹飞,技能,摄影,动漫,中国惊奇先生,2011,灌篮高手,海贼王,火影忍者,辛普森的一家
491,10491,四川,阿坝州,西南石油大学,计算机学院,工学,软件工程,综艺,天天向上,名人,吴亦凡,动漫,灌篮高手,2001,灌篮高手,七龙珠,海贼王,死神
492,10492,四川,德阳市,西南财经大学,文学与传媒学院,文学,新闻学,综艺,演员的诞生,影视,海豚湾,技能,设计,2006,策划,写作,书法,花艺
493,10493,四川,雅安市,成都理工大学,管理学院,管理学,工商管理,综艺,奔跑吧,影视,迪斯尼,技能,摄影,2012,摄影,电子音乐,策划,料理
494,10494,四川,绵阳市,西华大学,文学与传媒学院,文学,网络与新媒体,综艺,热血街舞团,影视,环太平洋,动漫,火影忍者,2002,喜羊羊和灰太狼,灌篮高手,死神,无头骑士异闻录
495,10495,四川,成都市,四川大学锦城学院,理学院,理学,信息与计算科学,美食,卤肉饭,名人,张瀚,美食,火锅,2001,寿司,酸菜鱼,钵钵鸡,烤肉
496,10496,重庆,重庆,成都理工大学,计算机学院,工学,软件工程,动漫,中国惊奇先生,动漫,七龙珠,动漫,灌篮高手,2014,喜羊羊和灰太狼,火影忍者,辛普森的一家,辛普森的一家
497,10497,四川,南充市,四川大学,计算机学院,工学,软件工程,综艺,我们十七岁,影视,寻梦幻游记,影视,春娇与志明,2015,寻梦幻游记,让子弹飞,泰坦尼克号,阿甘正传
498,10498,四川,广元市,电子科技大学,财务会计学院,管理学,审计,影视,一代宗师,影视,泰坦尼克号,美食,烤肉,2002,卤肉饭,钵钵鸡,口水鸡,寿司
499,10499,四川,成都市,电子科技大学,土木与环境工程学院,工学,建筑工程技术,技能,绘画,名人,新垣结衣,美食,麻婆豆腐,2017,牛肉面,麻婆豆腐,豆腐脑,麻婆豆腐
500,10500,四川,攀枝花市,西南石油大学,机械学院,工学,智能控制,动漫,喜羊羊和灰太狼,动漫,中国惊奇先生,美食,口水鸡,2007,卤肉饭,寿司,口水鸡,糖醋排骨
501,10501,四川,乐山市,西南交通大学,外国语学院,文学,日语,美食,钵钵鸡,技能,写作,动漫,七龙珠,2009,中国惊奇先生,辛普森的一家,搞笑漫画日和,无头骑士异闻录
502,10502,四川,内江市,电子科技大学,管理学院,管理学,市场营销,影视,一代宗师,技能,写作,技能,花艺,2006,写作,编程,料理,摄影
503,10503,重庆,重庆,西南交通大学,艺术学院,艺术学,表演,名人,迈克尔·杰克逊,影视,阿甘正传,综艺,快乐大本营,2004,极限挑张,创造101,真正男子汉,真正男子汉
504,10504,四川,南充市,西南财经大学,管理学院,管理学,人力资源,影视,环太平洋,名人,周杰伦,美食,酸菜鱼,2010,牛肉面,酸菜鱼,豆腐脑,火锅
505,10505,重庆,重庆,西南交通大学,土木与环境工程学院,工学,土木工程,影视,一代宗师,名人,迈克尔·杰克逊,技能,料理,2011,设计,花艺,设计,写作
506,10506,四川,自贡市,成都信息工程大学,管理学院,管理学,人力资源,影视,缝纫机乐队,影视,迪斯尼,美食,寿司,2011,钵钵鸡,寿司,牛肉面,口水鸡
507,10507,四川,阿坝州,四川大学锦城学院,计算机学院,工学,网络安全,综艺,我们十七岁,综艺,老梁故事汇,影视,寻梦幻游记,2005,迪斯尼,缝纫机乐队,寻梦幻游记,一代宗师
508,10508,四川,泸州市,成都理工大学,计算机学院,工学,软件工程,技能,策划,美食,串串香,动漫,无头骑士异闻录,2015,中国惊奇先生,中国惊奇先生,辛普森的一家,妖精的尾巴
509,10509,四川,达州市,西南石油大学,财务会计学院,管理学,财务管理,美食,酸菜鱼,名人,迪丽热巴,综艺,中国式相亲,2015,我们十七岁,老梁故事汇,蒙面唱将猜猜猜,中国式相亲
510,10510,四川,南充市,四川师范大学,管理学院,管理学,市场营销,技能,书法,技能,摄影,动漫,火影忍者,2011,死神,中国惊奇先生,死神,海贼王
511,10511,四川,成都市,四川师范大学,经济学院,经济学,保险学,美食,豆腐脑,综艺,我们十七岁,名人,新垣结衣,2001,迪丽热巴,张瀚,迪丽热巴,GALA
512,10512,四川,攀枝花市,电子科技大学,艺术学院,艺术学,产品设计,名人,宋冬野,综艺,档案,动漫,妖精的尾巴,2009,死神,搞笑漫画日和,喜羊羊和灰太狼,海贼王
513,10513,四川,宜宾市,成都信息工程大学,土木与环境工程学院,工学,土木工程,名人,张艺兴,影视,帕丁顿熊,综艺,热血街舞团,2011,蒙面唱将猜猜猜,真正男子汉,极限挑张,档案
514,10514,四川,成都市,四川师范大学,管理学院,管理学,市场营销,名人,张瀚,技能,电子音乐,综艺,蒙面唱将猜猜猜,2005,热血街舞团,奔跑吧,热血街舞团,极限挑张
515,10515,四川,资阳市,西南石油大学,土木与环境工程学院,工学,土木工程,美食,钵钵鸡,名人,GALA,综艺,中国式相亲,2004,快乐大本营,我们十七岁,创造101,创造101
516,10516,四川,绵阳市,四川大学锦城学院,管理学院,管理学,工商管理,名人,张艺兴,美食,麻婆豆腐,动漫,喜羊羊和灰太狼,2004,妖精的尾巴,死神,喜羊羊和灰太狼,中国惊奇先生
517,10517,重庆,重庆,西南石油大学,管理学院,管理学,市场营销,综艺,老梁故事汇,影视,海豚湾,技能,绘画,2004,料理,摄影,电子音乐,料理
518,10518,四川,自贡市,西南财经大学,计算机学院,工学,网络工程,名人,GALA,综艺,极限挑张,动漫,灌篮高手,2012,妖精的尾巴,灌篮高手,命运石之门,妖精的尾巴
519,10519,四川,内江市,电子科技大学,土木与环境工程学院,工学,建筑工程技术,技能,文案,综艺,蒙面唱将猜猜猜,综艺,演员的诞生,2001,天天向上,档案,奔跑吧,我们十七岁
520,10520,四川,宜宾市,成都理工大学,管理学院,管理学,工商管理,影视,海豚湾,技能,摄影,综艺,中国式相亲,2001,创造101,天天向上,快乐大本营,蒙面唱将猜猜猜
521,10521,四川,成都市,西南石油大学,经济学院,经济学,经济学,美食,麻婆豆腐,动漫,灌篮高手,影视,环太平洋,2001,海豚湾,美丽人生,阿甘正传,阿甘正传
522,10522,四川,宜宾市,西南石油大学,经济学院,经济学,金融学,美食,酸菜鱼,技能,设计,动漫,辛普森的一家,2003,搞笑漫画日和,灌篮高手,中国惊奇先生,火影忍者
523,10523,四川,成都市,四川大学,艺术学院,艺术学,广播电视编导,美食,串串香,名人,张瀚,名人,鹿晗,2012,黄子韬,周杰伦,GALA,黄子韬
524,10524,重庆,重庆,成都理工大学,管理学院,管理学,工商管理,影视,环太平洋,名人,林允,美食,烤肉,2002,酸菜鱼,钵钵鸡,鱼香肉丝,寿司
525,10525,四川,广安市,成都理工大学,财务会计学院,管理学,会计,技能,电子音乐,影视,一代宗师,综艺,老梁故事汇,2006,档案,奔跑吧,档案,快乐大本营
526,10526,四川,绵阳市,西南石油大学,土木与环境工程学院,工学,建筑工程技术,综艺,老梁故事汇,技能,花艺,影视,迪斯尼,2008,帕丁顿熊,一代宗师,一代宗师,美丽人生
527,10527,四川,遂宁市,电子科技大学,财务会计学院,管理学,审计,综艺,笑傲江湖,美食,酸菜鱼,影视,让子弹飞,2001,美丽人生,让子弹飞,漫威,霸王别姬
528,10528,四川,绵阳市,成都信息工程大学,土木与环境工程学院,工学,给排水科学与工程,美食,火锅,影视,漫威,美食,三汁焖锅,2017,三汁焖锅,钵钵鸡,三汁焖锅,火锅
529,10529,四川,广安市,四川师范大学,财务会计学院,管理学,审计,综艺,蒙面唱将猜猜猜,影视,阿甘正传,技能,电子音乐,2005,设计,花艺,编程,电子音乐
530,10530,四川,攀枝花市,西华大学,土木与环境工程学院,工学,建筑工程技术,综艺,演员的诞生,动漫,辛普森的一家,技能,电子音乐,2002,绘画,写作,设计,料理
531,10531,四川,自贡市,四川大学,土木与环境工程学院,工学,建筑工程技术,综艺,创造101,动漫,死神,美食,钵钵鸡,2009,牛肉面,卤肉饭,豆腐脑,烤肉
532,10532,四川,广安市,成都理工大学,管理学院,管理学,人力资源,动漫,死神,名人,张瀚,美食,口水鸡,2009,鱼香肉丝,糖醋排骨,串串香,卤肉饭
533,10533,四川,雅安市,电子科技大学,经济学院,经济学,国际经济与贸易,名人,新垣结衣,动漫,喜羊羊和灰太狼,名人,迪丽热巴,2009,鹿晗,张瀚,冯小刚,张艺兴
534,10534,四川,成都市,成都理工大学,经济学院,经济学,经济学,美食,麻婆豆腐,名人,张瀚,综艺,我们十七岁,2003,老梁故事汇,蒙面唱将猜猜猜,天天向上,我们十七岁
535,10535,四川,绵阳市,四川大学,计算机学院,工学,软件工程,影视,泰坦尼克号,名人,GALA,动漫,无头骑士异闻录,2000,搞笑漫画日和,火影忍者,灌篮高手,辛普森的一家
536,10536,四川,广安市,西南财经大学,文学与传媒学院,文学,汉语言文学,技能,花艺,动漫,中国惊奇先生,影视,美丽人生,2013,帕丁顿熊,美丽人生,一代宗师,一代宗师
537,10537,四川,雅安市,成都理工大学,计算机学院,工学,网络工程,技能,编程,美食,酸菜鱼,名人,宋冬野,2011,吴亦凡,林允,泰勒·斯威夫特,GALA
538,10538,四川,乐山市,西南石油大学,管理学院,管理学,市场营销,技能,写作,名人,迪丽热巴,美食,烤肉,2004,火锅,鱼香肉丝,牛肉面,火锅
539,10539,重庆,重庆,西华大学,财务会计学院,管理学,财务管理,美食,糖醋排骨,技能,文案,影视,霸王别姬,2010,缝纫机乐队,缝纫机乐队,帕丁顿熊,复仇者联盟
540,10540,四川,达州市,成都信息工程大学,土木与环境工程学院,工学,土木工程,动漫,妖精的尾巴,动漫,妖精的尾巴,技能,花艺,2008,摄影,写作,电子音乐,写作
541,10541,四川,泸州市,四川大学锦城学院,计算机学院,工学,网络工程,技能,摄影,名人,冯小刚,技能,文案,2005,文案,策划,绘画,书法
542,10542,重庆,重庆,四川大学锦城学院,机械学院,工学,机械电子工程,动漫,死神,美食,卤肉饭,名人,赵丽颖,2002,鹿晗,迪丽热巴,冯小刚,张瀚
543,10543,重庆,重庆,四川师范大学,经济学院,经济学,投资学,影视,帕丁顿熊,技能,花艺,美食,卤肉饭,2009,三汁焖锅,串串香,钵钵鸡,麻婆豆腐
544,10544,四川,成都市,电子科技大学,土木与环境工程学院,工学,建筑工程技术,名人,冯小刚,综艺,奔跑吧,名人,鹿晗,2002,吴亦凡,泰勒·斯威夫特,杨幂,迪丽热巴
545,10545,四川,成都市,四川大学锦城学院,经济学院,经济学,国际经济与贸易,动漫,灌篮高手,美食,糖醋排骨,技能,电子音乐,2004,设计,料理,绘画,书法
546,10546,四川,成都市,西南石油大学,经济学院,经济学,经济学,名人,鹿晗,美食,串串香,名人,吴亦凡,2004,赵丽颖,新垣结衣,GALA,新垣结衣
547,10547,四川,遂宁市,西华大学,财务会计学院,管理学,财务管理,技能,文案,动漫,命运石之门,动漫,喜羊羊和灰太狼,2013,死神,喜羊羊和灰太狼,无头骑士异闻录,火影忍者
548,10548,四川,雅安市,西南石油大学,经济学院,经济学,投资学,影视,让子弹飞,综艺,真正男子汉,影视,泰坦尼克号,2015,一代宗师,春娇与志明,泰坦尼克号,一代宗师
549,10549,四川,德阳市,四川师范大学,土木与环境工程学院,工学,建筑工程技术,影视,泰坦尼克号,技能,文案,美食,火锅,2015,鱼香肉丝,钵钵鸡,三汁焖锅,串串香
550,10550,四川,绵阳市,成都信息工程大学,计算机学院,工学,应用开发,名人,张瀚,影视,环太平洋,影视,霸王别姬,2013,春娇与志明,环太平洋,缝纫机乐队,缝纫机乐队
551,10551,重庆,重庆,成都信息工程大学,计算机学院,工学,软件工程,综艺,真正男子汉,美食,豆腐脑,美食,烤肉,2014,火锅,糖醋排骨,烤肉,麻婆豆腐
552,10552,四川,乐山市,成都信息工程大学,理学院,理学,物理学,美食,串串香,美食,钵钵鸡,名人,新垣结衣,2010,冯小刚,林允,张瀚,赵丽颖
553,10553,四川,泸州市,四川师范大学,管理学院,管理学,工商管理,综艺,笑傲江湖,综艺,天天向上,技能,写作,2011,写作,摄影,设计,设计
554,10554,四川,达州市,西华大学,管理学院,管理学,工商管理,影视,美丽人生,美食,卤肉饭,影视,霸王别姬,2006,春娇与志明,环太平洋,让子弹飞,一代宗师
555,10555,四川,德阳市,四川大学,机械学院,工学,机械设计与制造,动漫,辛普森的一家,影视,阿甘正传,美食,酸菜鱼,2001,鱼香肉丝,钵钵鸡,火锅,卤肉饭
556,10556,四川,自贡市,四川大学,土木与环境工程学院,工学,建筑工程技术,名人,迪丽热巴,动漫,喜羊羊和灰太狼,影视,寻梦幻游记,2000,阿甘正传,泰坦尼克号,一代宗师,让子弹飞
557,10557,四川,乐山市,西华大学,管理学院,管理学,市场营销,美食,豆腐脑,影视,阿甘正传,综艺,演员的诞生,2014,天天向上,快乐大本营,我们十七岁,热血街舞团
558,10558,四川,雅安市,西华大学,财务会计学院,管理学,审计,名人,周杰伦,技能,电子音乐,名人,宋冬野,2007,周杰伦,张艺兴,赵丽颖,迪丽热巴
559,10559,四川,乐山市,西南石油大学,土木与环境工程学院,工学,建筑工程技术,综艺,真正男子汉,名人,迈克尔·杰克逊,影视,美丽人生,2013,环太平洋,帕丁顿熊,海豚湾,春娇与志明
560,10560,四川,遂宁市,成都信息工程大学,经济学院,经济学,保险学,动漫,死神,名人,林允,技能,花艺,2007,摄影,花艺,绘画,写作
561,10561,四川,德阳市,成都理工大学,土木与环境工程学院,工学,土木工程,动漫,灌篮高手,综艺,极限挑张,技能,编程,2013,文案,电子音乐,电子音乐,摄影
562,10562,四川,宜宾市,西南财经大学,财务会计学院,管理学,会计,动漫,妖精的尾巴,动漫,灌篮高手,技能,编程,2006,策划,绘画,绘画,料理
563,10563,四川,攀枝花市,成都信息工程大学,计算机学院,工学,网络工程,动漫,死神,综艺,天天向上,影视,漫威,2014,一代宗师,帕丁顿熊,环太平洋,终结者
564,10564,四川,眉山市,西南石油大学,财务会计学院,管理学,财务管理,动漫,辛普森的一家,名人,张艺兴,动漫,命运石之门,2003,死神,喜羊羊和灰太狼,七龙珠,命运石之门
565,10565,四川,广元市,四川师范大学,土木与环境工程学院,工学,建筑工程技术,影视,帕丁顿熊,动漫,妖精的尾巴,美食,卤肉饭,2007,口水鸡,钵钵鸡,糖醋排骨,鱼香肉丝
566,10566,四川,乐山市,成都理工大学,财务会计学院,管理学,财务管理,名人,迈克尔·杰克逊,影视,迪斯尼,名人,张瀚,2005,迈克尔·杰克逊,张瀚,泰勒·斯威夫特,迈克尔·杰克逊
567,10567,四川,达州市,西南石油大学,机械学院,工学,机械设计与制造,综艺,快乐大本营,技能,花艺,综艺,天天向上,2003,天天向上,笑傲江湖,真正男子汉,我们十七岁
568,10568,四川,成都市,西南财经大学,管理学院,管理学,市场营销,动漫,火影忍者,动漫,死神,美食,串串香,2012,麻婆豆腐,糖醋排骨,牛肉面,钵钵鸡
569,10569,四川,凉山州,成都理工大学,计算机学院,工学,网络工程,影视,缝纫机乐队,综艺,蒙面唱将猜猜猜,综艺,档案,2017,老梁故事汇,天天向上,快乐大本营,奔跑吧
570,10570,四川,德阳市,西南石油大学,土木与环境工程学院,工学,建筑工程技术,影视,春娇与志明,名人,迈克尔·杰克逊,影视,缝纫机乐队,2003,一代宗师,海豚湾,终结者,美丽人生
571,10571,重庆,重庆,成都理工大学,经济学院,经济学,电子商务,综艺,极限挑张,名人,吴亦凡,综艺,档案,2017,档案,非诚勿扰,极限挑张,快乐大本营
572,10572,四川,达州市,四川大学,土木与环境工程学院,工学,土木工程,综艺,演员的诞生,技能,电子音乐,技能,花艺,2002,摄影,花艺,文案,书法
573,10573,四川,成都市,西南石油大学,财务会计学院,管理学,会计,综艺,热血街舞团,综艺,蒙面唱将猜猜猜,名人,张艺兴,2001,吴亦凡,GALA,冯小刚,赵丽颖
574,10574,四川,南充市,西华大学,计算机学院,工学,软件工程,综艺,老梁故事汇,美食,三汁焖锅,综艺,创造101,2017,蒙面唱将猜猜猜,奔跑吧,笑傲江湖,非诚勿扰
575,10575,四川,南充市,西南财经大学,财务会计学院,管理学,审计,技能,策划,技能,书法,动漫,灌篮高手,2008,死神,无头骑士异闻录,火影忍者,死神
576,10576,四川,德阳市,电子科技大学,经济学院,经济学,电子商务,动漫,七龙珠,影视,终结者,美食,豆腐脑,2006,豆腐脑,卤肉饭,口水鸡,糖醋排骨
577,10577,四川,攀枝花市,西南财经大学,经济学院,经济学,经济学,综艺,演员的诞生,影视,迪斯尼,动漫,命运石之门,2002,火影忍者,中国惊奇先生,妖精的尾巴,无头骑士异闻录
578,10578,四川,宜宾市,西南交通大学,电气学院,工学,信息工程,名人,GALA,综艺,极限挑张,综艺,极限挑张,2008,蒙面唱将猜猜猜,快乐大本营,极限挑张,我们十七岁
579,10579,四川,阿坝州,四川师范大学,经济学院,经济学,经济学,影视,环太平洋,影视,终结者,美食,钵钵鸡,2006,豆腐脑,麻婆豆腐,鱼香肉丝,豆腐脑
580,10580,四川,德阳市,西华大学,经济学院,经济学,经济学,美食,钵钵鸡,综艺,真正男子汉,动漫,中国惊奇先生,2004,火影忍者,中国惊奇先生,辛普森的一家,中国惊奇先生
581,10581,四川,南充市,西南石油大学,管理学院,管理学,市场营销,综艺,天天向上,影视,环太平洋,美食,酸菜鱼,2004,酸菜鱼,牛肉面,烤肉,豆腐脑
582,10582,四川,成都市,成都信息工程大学,管理学院,管理学,市场营销,名人,张瀚,名人,周杰伦,动漫,命运石之门,2016,喜羊羊和灰太狼,中国惊奇先生,无头骑士异闻录,辛普森的一家
583,10583,四川,广元市,西南石油大学,管理学院,管理学,人力资源,美食,麻婆豆腐,动漫,无头骑士异闻录,美食,糖醋排骨,2011,酸菜鱼,烤肉,豆腐脑,糖醋排骨
584,10584,四川,宜宾市,四川师范大学,财务会计学院,管理学,财务管理,美食,火锅,名人,鹿晗,动漫,火影忍者,2001,海贼王,火影忍者,火影忍者,无头骑士异闻录
585,10585,四川,宜宾市,成都理工大学,外国语学院,文学,旅游英语,技能,电子音乐,影视,阿甘正传,美食,烤肉,2015,牛肉面,串串香,烤肉,寿司
586,10586,重庆,重庆,西南石油大学,土木与环境工程学院,工学,建筑工程技术,动漫,无头骑士异闻录,名人,鹿晗,动漫,辛普森的一家,2017,灌篮高手,七龙珠,命运石之门,喜羊羊和灰太狼
587,10587,四川,遂宁市,四川师范大学,管理学院,管理学,市场营销,综艺,天天向上,综艺,蒙面唱将猜猜猜,名人,张瀚,2003,林允,赵丽颖,鹿晗,林允
588,10588,四川,巴中市,西南石油大学,经济学院,经济学,国际经济与贸易,动漫,海贼王,技能,编程,影视,终结者,2014,漫威,美丽人生,缝纫机乐队,让子弹飞
589,10589,四川,绵阳市,西南石油大学,机械学院,工学,测控技术与仪器,美食,牛肉面,综艺,天天向上,技能,设计,2003,策划,料理,设计,文案
590,10590,四川,广元市,四川师范大学,财务会计学院,管理学,审计,影视,复仇者联盟,技能,文案,名人,周杰伦,2007,冯小刚,杨幂,泰勒·斯威夫特,张瀚
591,10591,四川,眉山市,西南石油大学,管理学院,管理学,市场营销,影视,终结者,名人,冯小刚,美食,卤肉饭,2009,麻婆豆腐,卤肉饭,口水鸡,钵钵鸡
592,10592,四川,成都市,西南石油大学,财务会计学院,管理学,会计,美食,口水鸡,技能,摄影,技能,料理,2007,设计,书法,策划,电子音乐
593,10593,四川,自贡市,电子科技大学,管理学院,管理学,市场营销,美食,烤肉,名人,黄子韬,技能,策划,2007,写作,摄影,摄影,摄影
594,10594,四川,成都市,西南财经大学,土木与环境工程学院,工学,土木工程,名人,鹿晗,动漫,妖精的尾巴,美食,三汁焖锅,2002,三汁焖锅,串串香,糖醋排骨,糖醋排骨
595,10595,四川,内江市,四川大学锦城学院,经济学院,经济学,保险学,动漫,命运石之门,影视,霸王别姬,名人,杨幂,2008,黄子韬,冯小刚,新垣结衣,冯小刚
596,10596,四川,成都市,西南财经大学,计算机学院,工学,网络工程,综艺,档案,美食,酸菜鱼,技能,书法,2015,编程,电子音乐,编程,编程
597,10597,四川,泸州市,西南石油大学,管理学院,管理学,工商管理,名人,张瀚,美食,烤肉,美食,寿司,2005,糖醋排骨,鱼香肉丝,牛肉面,火锅
598,10598,四川,绵阳市,四川大学,计算机学院,工学,网络工程,综艺,快乐大本营,美食,钵钵鸡,综艺,非诚勿扰,2017,天天向上,奔跑吧,快乐大本营,真正男子汉
599,10599,四川,自贡市,成都理工大学,土木与环境工程学院,工学,土木工程,名人,赵丽颖,名人,周杰伦,综艺,老梁故事汇,2007,极限挑张,热血街舞团,老梁故事汇,创造101
600,10600,四川,泸州市,西南交通大学,管理学院,管理学,人力资源,综艺,快乐大本营,技能,策划,名人,迪丽热巴,2012,泰勒·斯威夫特,冯小刚,宋冬野,吴亦凡
601,10601,重庆,重庆,西南石油大学,管理学院,管理学,工商管理,美食,卤肉饭,名人,GALA,美食,糖醋排骨,2006,牛肉面,火锅,麻婆豆腐,口水鸡
602,10602,四川,泸州市,西华大学,财务会计学院,管理学,会计,美食,牛肉面,美食,寿司,美食,卤肉饭,2002,鱼香肉丝,钵钵鸡,卤肉饭,寿司
603,10603,四川,广元市,四川大学锦城学院,文学与传媒学院,文学,网络与新媒体,美食,糖醋排骨,综艺,奔跑吧,美食,牛肉面,2001,鱼香肉丝,口水鸡,卤肉饭,串串香
604,10604,四川,绵阳市,电子科技大学,计算机学院,工学,网络工程,名人,林允,技能,策划,影视,泰坦尼克号,2008,帕丁顿熊,春娇与志明,美丽人生,阿甘正传
605,10605,四川,成都市,电子科技大学,管理学院,管理学,工商管理,美食,牛肉面,综艺,我们十七岁,名人,GALA,2016,赵丽颖,鹿晗,张艺兴,冯小刚
606,10606,四川,自贡市,电子科技大学,管理学院,管理学,工商管理,影视,缝纫机乐队,综艺,老梁故事汇,影视,春娇与志明,2007,迪斯尼,海豚湾,阿甘正传,春娇与志明
607,10607,四川,自贡市,西华大学,财务会计学院,管理学,财务管理,美食,卤肉饭,名人,黄子韬,影视,海豚湾,2003,阿甘正传,一代宗师,环太平洋,帕丁顿熊
608,10608,四川,广元市,成都理工大学,土木与环境工程学院,工学,土木工程,动漫,辛普森的一家,影视,迪斯尼,名人,迪丽热巴,2001,宋冬野,鹿晗,周杰伦,周杰伦
609,10609,四川,攀枝花市,成都理工大学,管理学院,管理学,人力资源,动漫,命运石之门,综艺,演员的诞生,技能,摄影,2003,绘画,电子音乐,书法,绘画
610,10610,四川,南充市,四川大学锦城学院,计算机学院,工学,网络工程,综艺,中国式相亲,技能,写作,动漫,命运石之门,2014,命运石之门,火影忍者,喜羊羊和灰太狼,海贼王
611,10611,四川,内江市,西南交通大学,管理学院,管理学,工商管理,技能,设计,美食,三汁焖锅,名人,迈克尔·杰克逊,2002,冯小刚,泰勒·斯威夫特,周杰伦,杨幂
612,10612,四川,成都市,西南石油大学,土木与环境工程学院,工学,建筑工程技术,美食,钵钵鸡,技能,花艺,综艺,蒙面唱将猜猜猜,2013,中国式相亲,老梁故事汇,老梁故事汇,演员的诞生
613,10613,四川,自贡市,四川大学锦城学院,管理学院,管理学,人力资源,动漫,灌篮高手,名人,迈克尔·杰克逊,美食,钵钵鸡,2005,烤肉,糖醋排骨,口水鸡,豆腐脑
614,10614,四川,泸州市,西南石油大学,土木与环境工程学院,工学,土木工程,动漫,妖精的尾巴,影视,终结者,动漫,妖精的尾巴,2007,灌篮高手,七龙珠,搞笑漫画日和,妖精的尾巴
615,10615,四川,成都市,四川大学锦城学院,土木与环境工程学院,工学,给排水科学与工程,名人,张瀚,动漫,灌篮高手,影视,寻梦幻游记,2002,霸王别姬,一代宗师,海豚湾,阿甘正传
616,10616,四川,泸州市,西南交通大学,计算机学院,工学,网络安全,技能,设计,技能,摄影,技能,摄影,2016,策划,摄影,书法,设计
617,10617,四川,泸州市,电子科技大学,管理学院,管理学,市场营销,动漫,灌篮高手,名人,宋冬野,名人,黄子韬,2001,冯小刚,张瀚,林允,张艺兴
618,10618,四川,资阳市,四川大学,计算机学院,工学,软件工程,影视,迪斯尼,技能,摄影,动漫,火影忍者,2007,灌篮高手,命运石之门,火影忍者,妖精的尾巴
619,10619,四川,成都市,电子科技大学,管理学院,管理学,人力资源,美食,牛肉面,技能,书法,技能,摄影,2014,摄影,书法,电子音乐,书法
620,10620,四川,广元市,西南财经大学,理学院,理学,物理学,动漫,海贼王,影视,美丽人生,综艺,演员的诞生,2006,蒙面唱将猜猜猜,老梁故事汇,中国式相亲,笑傲江湖
621,10621,四川,广安市,西南石油大学,管理学院,管理学,工商管理,名人,迈克尔·杰克逊,美食,牛肉面,影视,迪斯尼,2009,环太平洋,复仇者联盟,阿甘正传,缝纫机乐队
622,10622,四川,德阳市,成都理工大学,土木与环境工程学院,工学,建筑工程技术,美食,麻婆豆腐,影视,海豚湾,技能,设计,2016,策划,书法,编程,书法
623,10623,四川,广安市,成都理工大学,管理学院,管理学,工商管理,名人,冯小刚,技能,料理,综艺,极限挑张,2014,创造101,真正男子汉,档案,极限挑张
624,10624,四川,乐山市,西南财经大学,管理学院,管理学,人力资源,综艺,极限挑张,动漫,中国惊奇先生,技能,电子音乐,2014,绘画,电子音乐,编程,书法
625,10625,四川,攀枝花市,成都理工大学,机械学院,工学,智能控制,动漫,灌篮高手,技能,花艺,综艺,真正男子汉,2004,蒙面唱将猜猜猜,档案,天天向上,演员的诞生
626,10626,四川,乐山市,四川师范大学,土木与环境工程学院,工学,给排水科学与工程,动漫,辛普森的一家,名人,黄子韬,综艺,档案,2007,奔跑吧,档案,演员的诞生,热血街舞团
627,10627,四川,自贡市,成都信息工程大学,管理学院,管理学,人力资源,名人,吴亦凡,影视,海豚湾,综艺,蒙面唱将猜猜猜,2016,蒙面唱将猜猜猜,我们十七岁,创造101,档案
628,10628,四川,内江市,四川师范大学,管理学院,管理学,人力资源,综艺,快乐大本营,美食,麻婆豆腐,名人,泰勒·斯威夫特,2011,杨幂,张艺兴,黄子韬,黄子韬
629,10629,四川,攀枝花市,成都理工大学,机械学院,工学,机械设计与制造,技能,绘画,名人,杨幂,动漫,灌篮高手,2003,喜羊羊和灰太狼,死神,命运石之门,海贼王
630,10630,四川,自贡市,成都信息工程大学,管理学院,管理学,市场营销,动漫,命运石之门,综艺,档案,综艺,我们十七岁,2008,中国好声音,真正男子汉,创造101,我们十七岁
631,10631,四川,宜宾市,成都理工大学,土木与环境工程学院,工学,给排水科学与工程,综艺,极限挑张,影视,迪斯尼,动漫,搞笑漫画日和,2011,喜羊羊和灰太狼,海贼王,七龙珠,妖精的尾巴
632,10632,四川,成都市,西南石油大学,计算机学院,工学,软件工程,动漫,火影忍者,技能,文案,名人,新垣结衣,2017,周杰伦,吴亦凡,迪丽热巴,张艺兴
633,10633,四川,自贡市,成都信息工程大学,土木与环境工程学院,工学,建筑工程技术,综艺,奔跑吧,美食,三汁焖锅,技能,料理,2017,策划,料理,摄影,编程
634,10634,四川,成都市,西南财经大学,土木与环境工程学院,工学,建筑工程技术,技能,绘画,动漫,海贼王,动漫,火影忍者,2007,海贼王,命运石之门,灌篮高手,搞笑漫画日和
635,10635,四川,广安市,西华大学,管理学院,管理学,人力资源,技能,摄影,技能,电子音乐,美食,钵钵鸡,2004,火锅,豆腐脑,口水鸡,鱼香肉丝
636,10636,四川,遂宁市,西华大学,土木与环境工程学院,工学,土木工程,动漫,妖精的尾巴,动漫,七龙珠,名人,吴亦凡,2014,张艺兴,宋冬野,新垣结衣,冯小刚
637,10637,四川,遂宁市,四川大学,管理学院,管理学,工商管理,综艺,老梁故事汇,名人,林允,美食,口水鸡,2012,口水鸡,三汁焖锅,三汁焖锅,口水鸡
638,10638,四川,自贡市,西华大学,计算机学院,工学,网络工程,美食,豆腐脑,技能,编程,技能,设计,2014,设计,书法,设计,料理
639,10639,四川,宜宾市,四川师范大学,管理学院,管理学,人力资源,动漫,辛普森的一家,名人,张瀚,技能,电子音乐,2009,书法,策划,花艺,绘画
640,10640,四川,成都市,四川师范大学,土木与环境工程学院,工学,建筑工程技术,名人,新垣结衣,美食,钵钵鸡,美食,三汁焖锅,2017,牛肉面,钵钵鸡,鱼香肉丝,豆腐脑
641,10641,四川,南充市,四川大学,机械学院,工学,机械电子工程,综艺,蒙面唱将猜猜猜,影视,帕丁顿熊,影视,终结者,2008,阿甘正传,海豚湾,美丽人生,帕丁顿熊
642,10642,四川,攀枝花市,成都信息工程大学,经济学院,经济学,保险学,综艺,真正男子汉,技能,绘画,美食,火锅,2005,豆腐脑,钵钵鸡,三汁焖锅,牛肉面
643,10643,四川,眉山市,西南交通大学,土木与环境工程学院,工学,给排水科学与工程,影视,终结者,技能,书法,名人,黄子韬,2016,黄子韬,杨幂,宋冬野,迪丽热巴
644,10644,四川,泸州市,成都理工大学,管理学院,管理学,人力资源,名人,GALA,影视,一代宗师,美食,钵钵鸡,2000,豆腐脑,火锅,酸菜鱼,糖醋排骨
645,10645,四川,自贡市,西南财经大学,外国语学院,文学,英语,动漫,七龙珠,技能,绘画,美食,口水鸡,2013,豆腐脑,口水鸡,寿司,鱼香肉丝
646,10646,四川,资阳市,四川大学,财务会计学院,管理学,会计,动漫,喜羊羊和灰太狼,技能,写作,技能,料理,2001,摄影,策划,写作,料理
647,10647,四川,自贡市,西南交通大学,经济学院,经济学,金融学,名人,迈克尔·杰克逊,美食,卤肉饭,动漫,中国惊奇先生,2004,死神,妖精的尾巴,七龙珠,死神
648,10648,四川,巴中市,西华大学,建筑学院,工学,建筑学,名人,冯小刚,美食,牛肉面,综艺,老梁故事汇,2011,蒙面唱将猜猜猜,笑傲江湖,我们十七岁,创造101
649,10649,四川,攀枝花市,四川大学,经济学院,经济学,金融学,技能,电子音乐,影视,阿甘正传,名人,赵丽颖,2014,泰勒·斯威夫特,张瀚,吴亦凡,鹿晗
650,10650,四川,达州市,电子科技大学,财务会计学院,管理学,财务管理,名人,张瀚,名人,迪丽热巴,技能,摄影,2016,花艺,文案,书法,料理
651,10651,四川,内江市,四川师范大学,土木与环境工程学院,工学,土木工程,技能,设计,综艺,演员的诞生,美食,牛肉面,2002,口水鸡,糖醋排骨,三汁焖锅,口水鸡
652,10652,四川,成都市,成都理工大学,经济学院,经济学,经济学,综艺,天天向上,名人,宋冬野,美食,糖醋排骨,2003,卤肉饭,酸菜鱼,牛肉面,卤肉饭
653,10653,重庆,重庆,西南财经大学,经济学院,经济学,经济学,综艺,极限挑张,动漫,七龙珠,动漫,灌篮高手,2000,死神,海贼王,海贼王,灌篮高手
654,10654,四川,宜宾市,成都理工大学,管理学院,管理学,人力资源,动漫,命运石之门,影视,帕丁顿熊,综艺,快乐大本营,2004,非诚勿扰,热血街舞团,我们十七岁,中国式相亲
655,10655,四川,成都市,成都信息工程大学,经济学院,经济学,金融学,影视,泰坦尼克号,美食,寿司,技能,策划,2008,写作,写作,设计,文案
656,10656,四川,成都市,西南石油大学,财务会计学院,管理学,审计,动漫,辛普森的一家,综艺,天天向上,美食,麻婆豆腐,2003,钵钵鸡,豆腐脑,糖醋排骨,火锅
657,10657,四川,乐山市,西南交通大学,土木与环境工程学院,工学,建筑工程技术,技能,书法,动漫,灌篮高手,美食,牛肉面,2001,卤肉饭,牛肉面,卤肉饭,钵钵鸡
658,10658,重庆,重庆,电子科技大学,土木与环境工程学院,工学,土木工程,影视,美丽人生,影视,春娇与志明,技能,花艺,2003,电子音乐,写作,书法,设计
659,10659,四川,眉山市,西南交通大学,财务会计学院,管理学,财务管理,动漫,死神,名人,赵丽颖,名人,冯小刚,2000,赵丽颖,林允,吴亦凡,迈克尔·杰克逊
660,10660,四川,自贡市,西华大学,管理学院,管理学,工商管理,动漫,海贼王,名人,鹿晗,名人,吴亦凡,2008,黄子韬,泰勒·斯威夫特,周杰伦,张艺兴
661,10661,四川,成都市,西南财经大学,管理学院,管理学,工商管理,影视,复仇者联盟,影视,帕丁顿熊,影视,终结者,2011,让子弹飞,终结者,让子弹飞,让子弹飞
662,10662,重庆,重庆,电子科技大学,计算机学院,工学,软件工程,美食,烤肉,技能,编程,综艺,真正男子汉,2007,演员的诞生,热血街舞团,中国式相亲,天天向上
663,10663,四川,遂宁市,西南财经大学,机械学院,工学,机械设计与制造,技能,绘画,美食,寿司,综艺,演员的诞生,2012,中国好声音,中国式相亲,蒙面唱将猜猜猜,笑傲江湖
664,10664,四川,宜宾市,成都信息工程大学,财务会计学院,管理学,会计,综艺,真正男子汉,影视,漫威,综艺,中国式相亲,2002,笑傲江湖,演员的诞生,创造101,老梁故事汇
665,10665,四川,成都市,西南石油大学,文学与传媒学院,文学,汉语言文学,综艺,老梁故事汇,综艺,中国式相亲,影视,阿甘正传,2004,美丽人生,海豚湾,泰坦尼克号,复仇者联盟
666,10666,四川,巴中市,四川大学锦城学院,文学与传媒学院,文学,汉语言文学,名人,张瀚,影视,让子弹飞,美食,豆腐脑,2009,三汁焖锅,钵钵鸡,卤肉饭,口水鸡
667,10667,四川,自贡市,四川大学,管理学院,管理学,人力资源,技能,绘画,技能,策划,综艺,档案,2009,非诚勿扰,中国式相亲,我们十七岁,奔跑吧
668,10668,四川,广元市,成都理工大学,电气学院,工学,通信工程,美食,寿司,技能,编程,综艺,演员的诞生,2007,老梁故事汇,快乐大本营,档案,我们十七岁
669,10669,四川,泸州市,西南石油大学,管理学院,管理学,市场营销,综艺,中国式相亲,动漫,无头骑士异闻录,名人,迪丽热巴,2007,冯小刚,赵丽颖,宋冬野,GALA
670,10670,四川,绵阳市,四川大学,土木与环境工程学院,工学,土木工程,美食,口水鸡,美食,豆腐脑,美食,鱼香肉丝,2013,糖醋排骨,火锅,三汁焖锅,口水鸡
671,10671,四川,资阳市,西南交通大学,管理学院,管理学,人力资源,综艺,中国式相亲,影视,寻梦幻游记,动漫,喜羊羊和灰太狼,2004,无头骑士异闻录,无头骑士异闻录,辛普森的一家,中国惊奇先生
672,10672,四川,广安市,成都信息工程大学,计算机学院,工学,软件工程,名人,张瀚,综艺,快乐大本营,影视,缝纫机乐队,2014,迪斯尼,春娇与志明,阿甘正传,美丽人生
673,10673,四川,雅安市,四川师范大学,艺术学院,艺术学,表演,动漫,命运石之门,影视,迪斯尼,影视,一代宗师,2005,帕丁顿熊,阿甘正传,寻梦幻游记,阿甘正传
674,10674,四川,内江市,西华大学,经济学院,经济学,电子商务,名人,冯小刚,名人,迈克尔·杰克逊,名人,迈克尔·杰克逊,2010,林允,冯小刚,杨幂,泰勒·斯威夫特
675,10675,四川,宜宾市,西南财经大学,财务会计学院,管理学,财务管理,美食,酸菜鱼,综艺,天天向上,美食,牛肉面,2014,鱼香肉丝,串串香,豆腐脑,火锅
676,10676,四川,宜宾市,四川大学,管理学院,管理学,人力资源,动漫,中国惊奇先生,综艺,快乐大本营,名人,张艺兴,2008,赵丽颖,张瀚,新垣结衣,张艺兴
677,10677,四川,资阳市,四川大学,管理学院,管理学,人力资源,动漫,妖精的尾巴,技能,绘画,影视,春娇与志明,2000,环太平洋,阿甘正传,帕丁顿熊,一代宗师
678,10678,重庆,重庆,四川大学锦城学院,经济学院,经济学,经济学,名人,杨幂,名人,张瀚,技能,书法,2006,设计,绘画,文案,策划
679,10679,四川,宜宾市,四川师范大学,管理学院,管理学,市场营销,动漫,海贼王,影视,环太平洋,美食,卤肉饭,2016,麻婆豆腐,卤肉饭,酸菜鱼,麻婆豆腐
680,10680,四川,攀枝花市,电子科技大学,管理学院,管理学,市场营销,影视,霸王别姬,影视,复仇者联盟,美食,串串香,2002,牛肉面,三汁焖锅,麻婆豆腐,卤肉饭
681,10681,四川,广元市,四川大学锦城学院,管理学院,管理学,市场营销,美食,酸菜鱼,名人,冯小刚,美食,火锅,2010,牛肉面,寿司,牛肉面,酸菜鱼
682,10682,四川,自贡市,西南石油大学,艺术学院,艺术学,绘画,综艺,老梁故事汇,名人,冯小刚,影视,海豚湾,2005,寻梦幻游记,复仇者联盟,泰坦尼克号,寻梦幻游记
683,10683,四川,南充市,四川大学锦城学院,土木与环境工程学院,工学,建筑工程技术,美食,火锅,综艺,中国好声音,技能,写作,2001,料理,料理,编程,摄影
684,10684,四川,广元市,西南财经大学,建筑学院,工学,建筑学,技能,设计,美食,牛肉面,名人,新垣结衣,2002,迈克尔·杰克逊,赵丽颖,GALA,宋冬野
685,10685,四川,成都市,四川大学,计算机学院,工学,网络工程,名人,赵丽颖,美食,钵钵鸡,技能,文案,2001,花艺,策划,策划,电子音乐
686,10686,四川,雅安市,四川大学,财务会计学院,管理学,会计,动漫,喜羊羊和灰太狼,影视,让子弹飞,动漫,命运石之门,2015,死神,喜羊羊和灰太狼,命运石之门,命运石之门
687,10687,四川,攀枝花市,西华大学,管理学院,管理学,工商管理,技能,策划,技能,策划,技能,编程,2013,策划,摄影,电子音乐,绘画
688,10688,四川,德阳市,西华大学,土木与环境工程学院,工学,建筑工程技术,名人,林允,影视,漫威,动漫,无头骑士异闻录,2009,海贼王,火影忍者,喜羊羊和灰太狼,辛普森的一家
689,10689,四川,绵阳市,西南交通大学,管理学院,管理学,市场营销,名人,GALA,综艺,快乐大本营,影视,环太平洋,2006,寻梦幻游记,缝纫机乐队,美丽人生,寻梦幻游记
690,10690,四川,内江市,四川大学,管理学院,管理学,工商管理,美食,糖醋排骨,动漫,灌篮高手,综艺,创造101,2004,档案,老梁故事汇,中国式相亲,老梁故事汇
691,10691,四川,宜宾市,西南石油大学,财务会计学院,管理学,财务管理,动漫,喜羊羊和灰太狼,美食,鱼香肉丝,技能,料理,2008,料理,文案,书法,花艺
692,10692,四川,攀枝花市,西南石油大学,土木与环境工程学院,工学,建筑工程技术,美食,牛肉面,名人,鹿晗,综艺,快乐大本营,2015,老梁故事汇,热血街舞团,快乐大本营,快乐大本营
693,10693,四川,成都市,成都信息工程大学,土木与环境工程学院,工学,建筑工程技术,综艺,热血街舞团,动漫,辛普森的一家,综艺,档案,2011,演员的诞生,演员的诞生,创造101,天天向上
694,10694,四川,成都市,西南交通大学,管理学院,管理学,工商管理,影视,帕丁顿熊,动漫,海贼王,综艺,非诚勿扰,2013,天天向上,热血街舞团,我们十七岁,我们十七岁
695,10695,四川,广安市,电子科技大学,经济学院,经济学,金融学,名人,迪丽热巴,技能,摄影,名人,周杰伦,2015,周杰伦,迈克尔·杰克逊,泰勒·斯威夫特,新垣结衣
696,10696,四川,宜宾市,成都信息工程大学,计算机学院,工学,应用开发,动漫,命运石之门,名人,鹿晗,美食,钵钵鸡,2001,串串香,三汁焖锅,酸菜鱼,寿司
697,10697,四川,雅安市,四川师范大学,经济学院,经济学,保险学,美食,烤肉,影视,复仇者联盟,动漫,灌篮高手,2016,妖精的尾巴,无头骑士异闻录,七龙珠,中国惊奇先生
698,10698,四川,自贡市,四川大学锦城学院,管理学院,管理学,工商管理,动漫,海贼王,美食,糖醋排骨,影视,泰坦尼克号,2016,寻梦幻游记,寻梦幻游记,让子弹飞,复仇者联盟
699,10699,四川,绵阳市,电子科技大学,文学与传媒学院,文学,汉语言文学,名人,张艺兴,美食,牛肉面,动漫,七龙珠,2004,海贼王,喜羊羊和灰太狼,命运石之门,无头骑士异闻录
700,10700,四川,宜宾市,四川师范大学,经济学院,经济学,经济学,影视,寻梦幻游记,综艺,演员的诞生,名人,林允,2005,周杰伦,吴亦凡,吴亦凡,赵丽颖
701,10701,四川,泸州市,西华大学,土木与环境工程学院,工学,建筑工程技术,综艺,中国式相亲,美食,钵钵鸡,综艺,蒙面唱将猜猜猜,2014,快乐大本营,笑傲江湖,真正男子汉,演员的诞生
702,10702,四川,绵阳市,四川大学锦城学院,机械学院,工学,机械设计与制造,影视,海豚湾,技能,书法,美食,寿司,2000,口水鸡,串串香,鱼香肉丝,鱼香肉丝
703,10703,四川,巴中市,成都理工大学,管理学院,管理学,市场营销,动漫,喜羊羊和灰太狼,动漫,海贼王,综艺,真正男子汉,2002,快乐大本营,档案,演员的诞生,奔跑吧
704,10704,四川,乐山市,电子科技大学,财务会计学院,管理学,财务管理,技能,摄影,名人,冯小刚,影视,帕丁顿熊,2011,终结者,让子弹飞,美丽人生,美丽人生
705,10705,四川,内江市,西南石油大学,管理学院,管理学,人力资源,综艺,中国式相亲,美食,寿司,动漫,妖精的尾巴,2009,搞笑漫画日和,妖精的尾巴,中国惊奇先生,命运石之门
706,10706,四川,绵阳市,成都信息工程大学,土木与环境工程学院,工学,土木工程,影视,寻梦幻游记,美食,串串香,影视,寻梦幻游记,2007,漫威,复仇者联盟,漫威,缝纫机乐队
707,10707,四川,资阳市,成都信息工程大学,土木与环境工程学院,工学,建筑工程技术,影视,美丽人生,名人,黄子韬,综艺,档案,2004,档案,笑傲江湖,蒙面唱将猜猜猜,我们十七岁
708,10708,重庆,重庆,西南石油大学,财务会计学院,管理学,会计,技能,写作,技能,编程,影视,复仇者联盟,2003,海豚湾,寻梦幻游记,阿甘正传,终结者
709,10709,四川,遂宁市,西南石油大学,财务会计学院,管理学,财务管理,综艺,创造101,技能,电子音乐,动漫,辛普森的一家,2004,火影忍者,死神,灌篮高手,妖精的尾巴
710,10710,四川,雅安市,四川师范大学,管理学院,管理学,市场营销,美食,火锅,名人,周杰伦,名人,黄子韬,2006,张瀚,泰勒·斯威夫特,张艺兴,赵丽颖
711,10711,四川,成都市,四川大学,机械学院,工学,机械设计与制造,美食,寿司,技能,策划,技能,编程,2001,策划,策划,写作,摄影
712,10712,四川,成都市,西南石油大学,理学院,理学,化学,动漫,灌篮高手,动漫,辛普森的一家,名人,周杰伦,2000,冯小刚,迪丽热巴,新垣结衣,周杰伦
713,10713,四川,雅安市,成都信息工程大学,经济学院,经济学,国际经济与贸易,综艺,演员的诞生,名人,宋冬野,技能,摄影,2008,文案,文案,料理,编程
714,10714,四川,遂宁市,成都信息工程大学,土木与环境工程学院,工学,土木工程,动漫,中国惊奇先生,动漫,命运石之门,综艺,档案,2017,演员的诞生,中国式相亲,档案,老梁故事汇
715,10715,四川,绵阳市,成都理工大学,艺术学院,艺术学,播音主持,动漫,辛普森的一家,影视,缝纫机乐队,美食,鱼香肉丝,2012,麻婆豆腐,糖醋排骨,卤肉饭,豆腐脑
716,10716,四川,泸州市,成都信息工程大学,经济学院,经济学,经济学,技能,文案,技能,花艺,综艺,笑傲江湖,2001,热血街舞团,老梁故事汇,笑傲江湖,中国好声音
717,10717,四川,雅安市,电子科技大学,财务会计学院,管理学,会计,动漫,火影忍者,技能,文案,技能,电子音乐,2011,摄影,电子音乐,料理,绘画
718,10718,重庆,重庆,成都理工大学,管理学院,管理学,工商管理,名人,黄子韬,技能,编程,美食,糖醋排骨,2002,牛肉面,卤肉饭,钵钵鸡,烤肉
719,10719,四川,宜宾市,成都理工大学,管理学院,管理学,人力资源,美食,豆腐脑,影视,帕丁顿熊,综艺,非诚勿扰,2005,热血街舞团,创造101,演员的诞生,天天向上
720,10720,四川,成都市,电子科技大学,机械学院,工学,机械设计与制造,美食,豆腐脑,综艺,我们十七岁,名人,泰勒·斯威夫特,2016,新垣结衣,泰勒·斯威夫特,周杰伦,吴亦凡
721,10721,重庆,重庆,成都理工大学,财务会计学院,管理学,审计,技能,花艺,美食,口水鸡,名人,冯小刚,2003,吴亦凡,泰勒·斯威夫特,迪丽热巴,周杰伦
722,10722,四川,成都市,电子科技大学,土木与环境工程学院,工学,土木工程,美食,串串香,名人,鹿晗,综艺,档案,2002,天天向上,中国式相亲,快乐大本营,笑傲江湖
723,10723,四川,自贡市,西南石油大学,土木与环境工程学院,工学,土木工程,动漫,火影忍者,动漫,海贼王,影视,美丽人生,2015,终结者,海豚湾,迪斯尼,春娇与志明
724,10724,四川,德阳市,电子科技大学,土木与环境工程学院,工学,土木工程,名人,赵丽颖,动漫,海贼王,美食,鱼香肉丝,2014,火锅,三汁焖锅,三汁焖锅,三汁焖锅
725,10725,四川,雅安市,成都信息工程大学,管理学院,管理学,市场营销,美食,鱼香肉丝,影视,寻梦幻游记,综艺,快乐大本营,2017,天天向上,蒙面唱将猜猜猜,笑傲江湖,真正男子汉
726,10726,重庆,重庆,成都理工大学,机械学院,工学,机械电子工程,名人,鹿晗,影视,迪斯尼,名人,迈克尔·杰克逊,2012,吴亦凡,新垣结衣,张瀚,宋冬野
727,10727,四川,自贡市,成都理工大学,财务会计学院,管理学,财务管理,名人,冯小刚,综艺,快乐大本营,技能,策划,2011,料理,写作,写作,书法
728,10728,四川,内江市,四川大学,土木与环境工程学院,工学,土木工程,技能,电子音乐,美食,烤肉,综艺,快乐大本营,2014,非诚勿扰,非诚勿扰,演员的诞生,快乐大本营
729,10729,四川,眉山市,西南财经大学,经济学院,经济学,经济学,名人,鹿晗,动漫,辛普森的一家,影视,美丽人生,2007,缝纫机乐队,让子弹飞,美丽人生,复仇者联盟
730,10730,四川,南充市,西华大学,管理学院,管理学,市场营销,技能,绘画,技能,编程,技能,设计,2000,策划,编程,书法,写作
731,10731,四川,资阳市,四川大学,管理学院,管理学,工商管理,影视,迪斯尼,综艺,蒙面唱将猜猜猜,名人,新垣结衣,2006,迪丽热巴,宋冬野,周杰伦,泰勒·斯威夫特
732,10732,重庆,重庆,四川师范大学,土木与环境工程学院,工学,土木工程,影视,寻梦幻游记,动漫,辛普森的一家,影视,让子弹飞,2011,美丽人生,迪斯尼,帕丁顿熊,复仇者联盟
733,10733,重庆,重庆,西南石油大学,经济学院,经济学,电子商务,综艺,天天向上,美食,卤肉饭,综艺,非诚勿扰,2011,中国式相亲,中国好声音,演员的诞生,档案
734,10734,四川,自贡市,西南交通大学,管理学院,管理学,工商管理,技能,摄影,影视,让子弹飞,名人,林允,2013,周杰伦,鹿晗,新垣结衣,赵丽颖
735,10735,四川,雅安市,成都信息工程大学,管理学院,管理学,市场营销,影视,一代宗师,综艺,中国式相亲,名人,林允,2003,迪丽热巴,宋冬野,张艺兴,迈克尔·杰克逊
736,10736,四川,成都市,西华大学,管理学院,管理学,工商管理,动漫,海贼王,技能,写作,影视,一代宗师,2011,复仇者联盟,美丽人生,迪斯尼,春娇与志明
737,10737,四川,乐山市,西南交通大学,经济学院,经济学,金融学,综艺,蒙面唱将猜猜猜,影视,让子弹飞,动漫,辛普森的一家,2013,辛普森的一家,辛普森的一家,海贼王,妖精的尾巴
738,10738,四川,成都市,四川师范大学,管理学院,管理学,工商管理,名人,张瀚,综艺,真正男子汉,综艺,中国好声音,2004,创造101,老梁故事汇,天天向上,蒙面唱将猜猜猜
739,10739,四川,凉山州,成都理工大学,土木与环境工程学院,工学,建筑工程技术,动漫,七龙珠,技能,策划,名人,张瀚,2015,冯小刚,张艺兴,迈克尔·杰克逊,吴亦凡
740,10740,四川,泸州市,四川师范大学,管理学院,管理学,人力资源,综艺,天天向上,综艺,天天向上,技能,电子音乐,2002,绘画,料理,摄影,文案
741,10741,四川,广安市,成都信息工程大学,土木与环境工程学院,工学,土木工程,综艺,极限挑张,美食,火锅,美食,麻婆豆腐,2015,糖醋排骨,酸菜鱼,酸菜鱼,牛肉面
742,10742,四川,广元市,四川师范大学,理学院,理学,物理学,动漫,妖精的尾巴,综艺,中国好声音,综艺,中国式相亲,2004,演员的诞生,笑傲江湖,笑傲江湖,中国式相亲
743,10743,四川,遂宁市,四川师范大学,管理学院,管理学,市场营销,美食,三汁焖锅,名人,赵丽颖,影视,一代宗师,2003,终结者,漫威,复仇者联盟,泰坦尼克号
744,10744,四川,攀枝花市,西南财经大学,管理学院,管理学,人力资源,动漫,七龙珠,技能,摄影,影视,春娇与志明,2016,环太平洋,漫威,美丽人生,海豚湾
745,10745,四川,自贡市,西华大学,艺术学院,艺术学,播音主持,美食,串串香,综艺,演员的诞生,美食,麻婆豆腐,2004,串串香,卤肉饭,糖醋排骨,口水鸡
746,10746,重庆,重庆,四川大学,经济学院,经济学,经济学,名人,迈克尔·杰克逊,名人,吴亦凡,技能,写作,2006,策划,电子音乐,编程,电子音乐
747,10747,四川,乐山市,西南交通大学,土木与环境工程学院,工学,土木工程,动漫,火影忍者,名人,杨幂,影视,终结者,2002,迪斯尼,寻梦幻游记,终结者,终结者
748,10748,四川,广安市,成都理工大学,管理学院,管理学,工商管理,影视,终结者,技能,写作,影视,泰坦尼克号,2004,海豚湾,寻梦幻游记,环太平洋,一代宗师
749,10749,四川,宜宾市,电子科技大学,计算机学院,工学,网络工程,美食,糖醋排骨,名人,新垣结衣,影视,终结者,2015,泰坦尼克号,美丽人生,春娇与志明,春娇与志明
750,10750,四川,成都市,西南石油大学,艺术学院,艺术学,表演,动漫,喜羊羊和灰太狼,名人,吴亦凡,美食,鱼香肉丝,2016,钵钵鸡,串串香,烤肉,口水鸡
751,10751,四川,南充市,四川大学,管理学院,管理学,市场营销,技能,文案,美食,酸菜鱼,美食,牛肉面,2017,烤肉,串串香,酸菜鱼,钵钵鸡
752,10752,四川,南充市,成都信息工程大学,管理学院,管理学,工商管理,名人,吴亦凡,综艺,热血街舞团,名人,杨幂,2011,泰勒·斯威夫特,迪丽热巴,迪丽热巴,黄子韬
753,10753,四川,自贡市,电子科技大学,管理学院,管理学,市场营销,美食,口水鸡,影视,终结者,美食,糖醋排骨,2002,串串香,火锅,麻婆豆腐,鱼香肉丝
754,10754,四川,泸州市,西南财经大学,管理学院,管理学,市场营销,综艺,中国式相亲,美食,鱼香肉丝,技能,摄影,2009,写作,料理,书法,写作
755,10755,四川,绵阳市,电子科技大学,管理学院,管理学,市场营销,技能,写作,技能,摄影,美食,串串香,2014,卤肉饭,钵钵鸡,口水鸡,酸菜鱼
756,10756,四川,广元市,电子科技大学,计算机学院,工学,软件工程,美食,串串香,技能,绘画,技能,料理,2008,料理,电子音乐,设计,写作
757,10757,四川,广安市,四川师范大学,土木与环境工程学院,工学,建筑工程技术,影视,终结者,美食,口水鸡,名人,吴亦凡,2009,新垣结衣,赵丽颖,吴亦凡,杨幂
758,10758,四川,自贡市,西南石油大学,管理学院,管理学,人力资源,综艺,蒙面唱将猜猜猜,技能,书法,影视,泰坦尼克号,2001,终结者,一代宗师,帕丁顿熊,漫威
759,10759,四川,内江市,四川师范大学,经济学院,经济学,经济学,综艺,创造101,综艺,中国式相亲,动漫,喜羊羊和灰太狼,2004,喜羊羊和灰太狼,妖精的尾巴,无头骑士异闻录,海贼王
760,10760,四川,宜宾市,西南石油大学,经济学院,经济学,国际经济与贸易,名人,黄子韬,名人,泰勒·斯威夫特,动漫,辛普森的一家,2008,无头骑士异闻录,搞笑漫画日和,搞笑漫画日和,妖精的尾巴
761,10761,四川,雅安市,四川大学锦城学院,计算机学院,工学,软件工程,综艺,真正男子汉,美食,鱼香肉丝,动漫,灌篮高手,2015,海贼王,喜羊羊和灰太狼,海贼王,妖精的尾巴
762,10762,重庆,重庆,西南财经大学,机械学院,工学,机械设计与制造,综艺,奔跑吧,名人,周杰伦,动漫,中国惊奇先生,2002,无头骑士异闻录,搞笑漫画日和,无头骑士异闻录,喜羊羊和灰太狼
763,10763,四川,自贡市,西南交通大学,计算机学院,工学,网络工程,影视,海豚湾,名人,杨幂,名人,GALA,2000,黄子韬,迈克尔·杰克逊,宋冬野,迪丽热巴
764,10764,四川,南充市,四川大学锦城学院,土木与环境工程学院,工学,土木工程,综艺,演员的诞生,影视,终结者,名人,黄子韬,2011,杨幂,冯小刚,黄子韬,张艺兴
765,10765,四川,广元市,西南石油大学,管理学院,管理学,市场营销,名人,泰勒·斯威夫特,美食,口水鸡,技能,文案,2000,编程,编程,花艺,摄影
766,10766,四川,泸州市,四川师范大学,经济学院,经济学,经济学,技能,编程,技能,摄影,综艺,中国好声音,2001,我们十七岁,创造101,天天向上,创造101
767,10767,四川,攀枝花市,电子科技大学,计算机学院,工学,软件工程,美食,牛肉面,动漫,火影忍者,影视,环太平洋,2013,终结者,霸王别姬,泰坦尼克号,泰坦尼克号
768,10768,四川,乐山市,四川大学,建筑学院,工学,建筑学,综艺,天天向上,动漫,灌篮高手,影视,缝纫机乐队,2017,迪斯尼,阿甘正传,环太平洋,海豚湾
769,10769,四川,成都市,成都信息工程大学,财务会计学院,管理学,财务管理,名人,周杰伦,影视,海豚湾,动漫,灌篮高手,2006,命运石之门,喜羊羊和灰太狼,死神,火影忍者
770,10770,四川,成都市,西华大学,财务会计学院,管理学,审计,技能,摄影,动漫,中国惊奇先生,美食,火锅,2012,火锅,串串香,豆腐脑,糖醋排骨
771,10771,四川,成都市,成都理工大学,计算机学院,工学,软件工程,影视,环太平洋,技能,策划,技能,电子音乐,2015,文案,写作,花艺,花艺
772,10772,四川,自贡市,西华大学,管理学院,管理学,市场营销,技能,书法,美食,串串香,技能,摄影,2001,书法,编程,编程,花艺
773,10773,四川,乐山市,四川大学锦城学院,管理学院,管理学,市场营销,名人,黄子韬,美食,钵钵鸡,技能,设计,2007,编程,写作,摄影,料理
774,10774,重庆,重庆,西南交通大学,文学与传媒学院,文学,汉语言文学,技能,设计,影视,复仇者联盟,影视,一代宗师,2007,美丽人生,终结者,一代宗师,海豚湾
775,10775,四川,泸州市,西南交通大学,土木与环境工程学院,工学,建筑工程技术,综艺,真正男子汉,美食,寿司,综艺,快乐大本营,2009,我们十七岁,非诚勿扰,档案,档案
776,10776,四川,乐山市,四川大学,土木与环境工程学院,工学,土木工程,技能,写作,影视,让子弹飞,名人,鹿晗,2001,GALA,宋冬野,周杰伦,张瀚
777,10777,四川,绵阳市,西华大学,计算机学院,工学,网络工程,技能,文案,综艺,演员的诞生,影视,一代宗师,2014,阿甘正传,一代宗师,迪斯尼,缝纫机乐队
778,10778,四川,泸州市,四川师范大学,管理学院,管理学,人力资源,技能,花艺,动漫,死神,综艺,我们十七岁,2012,蒙面唱将猜猜猜,创造101,快乐大本营,老梁故事汇
779,10779,四川,自贡市,四川师范大学,财务会计学院,管理学,财务管理,综艺,创造101,影视,漫威,美食,三汁焖锅,2009,豆腐脑,火锅,钵钵鸡,糖醋排骨
780,10780,四川,眉山市,西南财经大学,机械学院,工学,机械电子工程,综艺,档案,技能,摄影,综艺,热血街舞团,2000,奔跑吧,中国好声音,中国好声音,中国式相亲
781,10781,四川,眉山市,西南石油大学,土木与环境工程学院,工学,土木工程,美食,酸菜鱼,名人,泰勒·斯威夫特,影视,漫威,2002,春娇与志明,泰坦尼克号,终结者,美丽人生
782,10782,重庆,重庆,西南石油大学,管理学院,管理学,人力资源,影视,终结者,技能,编程,美食,烤肉,2010,串串香,鱼香肉丝,卤肉饭,卤肉饭
783,10783,四川,乐山市,四川大学锦城学院,经济学院,经济学,电子商务,动漫,灌篮高手,综艺,中国式相亲,影视,终结者,2016,漫威,寻梦幻游记,环太平洋,漫威
784,10784,四川,绵阳市,西南交通大学,机械学院,工学,测控技术与仪器,综艺,演员的诞生,动漫,灌篮高手,名人,赵丽颖,2013,黄子韬,泰勒·斯威夫特,泰勒·斯威夫特,张瀚
785,10785,四川,德阳市,西南石油大学,经济学院,经济学,金融学,名人,GALA,影视,一代宗师,技能,电子音乐,2000,电子音乐,绘画,编程,书法
786,10786,四川,资阳市,西南石油大学,土木与环境工程学院,工学,土木工程,名人,迪丽热巴,影视,环太平洋,技能,摄影,2004,摄影,摄影,电子音乐,写作
787,10787,四川,资阳市,西南交通大学,管理学院,管理学,工商管理,影视,阿甘正传,综艺,档案,美食,寿司,2003,火锅,豆腐脑,钵钵鸡,卤肉饭
788,10788,四川,雅安市,成都理工大学,土木与环境工程学院,工学,建筑工程技术,美食,酸菜鱼,美食,卤肉饭,名人,迈克尔·杰克逊,2006,周杰伦,张瀚,杨幂,杨幂
789,10789,四川,泸州市,西华大学,电气学院,工学,电气工程,美食,糖醋排骨,技能,写作,动漫,海贼王,2014,喜羊羊和灰太狼,七龙珠,妖精的尾巴,中国惊奇先生
790,10790,四川,绵阳市,四川大学,土木与环境工程学院,工学,土木工程,技能,写作,综艺,奔跑吧,美食,酸菜鱼,2008,酸菜鱼,牛肉面,三汁焖锅,糖醋排骨
791,10791,四川,资阳市,西南交通大学,管理学院,管理学,工商管理,综艺,中国好声音,美食,串串香,名人,周杰伦,2010,泰勒·斯威夫特,宋冬野,黄子韬,泰勒·斯威夫特
792,10792,四川,内江市,成都理工大学,管理学院,管理学,人力资源,影视,霸王别姬,综艺,中国式相亲,美食,麻婆豆腐,2014,鱼香肉丝,糖醋排骨,糖醋排骨,钵钵鸡
793,10793,四川,资阳市,西南财经大学,文学与传媒学院,文学,新闻学,名人,吴亦凡,动漫,火影忍者,名人,冯小刚,2001,迪丽热巴,吴亦凡,张艺兴,GALA
794,10794,四川,成都市,四川师范大学,管理学院,管理学,市场营销,综艺,老梁故事汇,美食,口水鸡,动漫,命运石之门,2002,妖精的尾巴,妖精的尾巴,灌篮高手,命运石之门
795,10795,四川,乐山市,西南石油大学,财务会计学院,管理学,财务管理,名人,冯小刚,影视,漫威,综艺,真正男子汉,2015,笑傲江湖,天天向上,快乐大本营,我们十七岁
796,10796,重庆,重庆,西南石油大学,管理学院,管理学,人力资源,动漫,中国惊奇先生,综艺,热血街舞团,综艺,奔跑吧,2007,真正男子汉,档案,极限挑张,非诚勿扰
797,10797,四川,宜宾市,西南石油大学,管理学院,管理学,市场营销,综艺,笑傲江湖,名人,迪丽热巴,技能,花艺,2008,文案,编程,编程,绘画
798,10798,重庆,重庆,四川大学锦城学院,土木与环境工程学院,工学,建筑工程技术,名人,迈克尔·杰克逊,名人,迈克尔·杰克逊,动漫,妖精的尾巴,2015,辛普森的一家,七龙珠,搞笑漫画日和,灌篮高手
799,10799,四川,达州市,四川师范大学,计算机学院,工学,软件工程,影视,环太平洋,技能,编程,名人,冯小刚,2013,赵丽颖,林允,鹿晗,GALA
800,10800,四川,成都市,西南石油大学,财务会计学院,管理学,审计,名人,赵丽颖,综艺,中国式相亲,影视,终结者,2008,一代宗师,一代宗师,帕丁顿熊,漫威
801,10801,四川,成都市,电子科技大学,管理学院,管理学,市场营销,动漫,喜羊羊和灰太狼,影视,迪斯尼,影视,一代宗师,2005,迪斯尼,泰坦尼克号,春娇与志明,寻梦幻游记
802,10802,四川,乐山市,西南交通大学,计算机学院,工学,软件工程,影视,阿甘正传,美食,口水鸡,美食,鱼香肉丝,2002,烤肉,麻婆豆腐,口水鸡,豆腐脑
803,10803,四川,成都市,四川大学,管理学院,管理学,工商管理,名人,杨幂,名人,鹿晗,名人,宋冬野,2009,林允,迪丽热巴,鹿晗,迪丽热巴
804,10804,四川,乐山市,成都理工大学,经济学院,经济学,经济学,综艺,老梁故事汇,美食,口水鸡,综艺,热血街舞团,2017,老梁故事汇,极限挑张,中国式相亲,创造101
805,10805,四川,宜宾市,四川师范大学,计算机学院,工学,软件工程,动漫,命运石之门,美食,牛肉面,美食,钵钵鸡,2011,串串香,口水鸡,牛肉面,麻婆豆腐
806,10806,四川,乐山市,西华大学,土木与环境工程学院,工学,给排水科学与工程,美食,鱼香肉丝,影视,复仇者联盟,影视,海豚湾,2006,泰坦尼克号,环太平洋,春娇与志明,终结者
807,10807,四川,自贡市,西南石油大学,管理学院,管理学,工商管理,动漫,中国惊奇先生,动漫,死神,综艺,中国好声音,2001,创造101,非诚勿扰,非诚勿扰,创造101
808,10808,四川,广元市,四川大学,管理学院,管理学,工商管理,技能,电子音乐,综艺,创造101,技能,绘画,2005,绘画,摄影,电子音乐,书法
809,10809,重庆,重庆,西南财经大学,外国语学院,文学,英语,技能,料理,影视,海豚湾,美食,牛肉面,2007,卤肉饭,三汁焖锅,豆腐脑,串串香
810,10810,四川,德阳市,四川大学,管理学院,管理学,市场营销,动漫,喜羊羊和灰太狼,影视,寻梦幻游记,名人,鹿晗,2005,赵丽颖,新垣结衣,冯小刚,迪丽热巴
811,10811,四川,德阳市,西南石油大学,土木与环境工程学院,工学,建筑工程技术,影视,春娇与志明,技能,摄影,技能,摄影,2015,编程,策划,料理,摄影
812,10812,四川,绵阳市,电子科技大学,外国语学院,文学,英语,技能,策划,影视,寻梦幻游记,综艺,老梁故事汇,2013,热血街舞团,快乐大本营,中国好声音,我们十七岁
813,10813,重庆,重庆,西南石油大学,经济学院,经济学,投资学,综艺,中国式相亲,美食,鱼香肉丝,影视,阿甘正传,2013,泰坦尼克号,让子弹飞,让子弹飞,复仇者联盟
814,10814,重庆,重庆,西南财经大学,管理学院,管理学,工商管理,美食,酸菜鱼,名人,黄子韬,美食,糖醋排骨,2013,牛肉面,烤肉,酸菜鱼,糖醋排骨
815,10815,四川,南充市,电子科技大学,经济学院,经济学,经济学,综艺,蒙面唱将猜猜猜,影视,漫威,技能,书法,2000,写作,电子音乐,料理,文案
816,10816,四川,成都市,西南财经大学,建筑学院,工学,城乡规划,动漫,中国惊奇先生,综艺,老梁故事汇,动漫,无头骑士异闻录,2017,海贼王,命运石之门,中国惊奇先生,妖精的尾巴
817,10817,四川,宜宾市,成都理工大学,电气学院,工学,通信工程,技能,花艺,名人,赵丽颖,动漫,命运石之门,2010,辛普森的一家,死神,死神,死神
818,10818,四川,德阳市,四川大学锦城学院,管理学院,管理学,市场营销,技能,绘画,美食,鱼香肉丝,影视,缝纫机乐队,2016,阿甘正传,让子弹飞,寻梦幻游记,霸王别姬
819,10819,四川,南充市,电子科技大学,土木与环境工程学院,工学,建筑工程技术,名人,迈克尔·杰克逊,名人,宋冬野,影视,泰坦尼克号,2015,泰坦尼克号,寻梦幻游记,阿甘正传,复仇者联盟
820,10820,四川,攀枝花市,电子科技大学,财务会计学院,管理学,财务管理,美食,烤肉,影视,帕丁顿熊,综艺,蒙面唱将猜猜猜,2013,天天向上,热血街舞团,中国式相亲,奔跑吧
821,10821,四川,绵阳市,四川师范大学,机械学院,工学,机械电子工程,技能,电子音乐,综艺,中国好声音,美食,牛肉面,2001,口水鸡,寿司,糖醋排骨,烤肉
822,10822,四川,资阳市,四川师范大学,管理学院,管理学,市场营销,美食,酸菜鱼,影视,春娇与志明,技能,策划,2005,电子音乐,书法,写作,电子音乐
823,10823,四川,成都市,西华大学,土木与环境工程学院,工学,建筑工程技术,动漫,喜羊羊和灰太狼,美食,糖醋排骨,技能,文案,2013,策划,策划,绘画,文案
824,10824,四川,达州市,西南财经大学,建筑学院,工学,建筑学,综艺,非诚勿扰,综艺,创造101,影视,缝纫机乐队,2013,终结者,迪斯尼,迪斯尼,海豚湾
825,10825,重庆,重庆,成都信息工程大学,管理学院,管理学,工商管理,名人,迪丽热巴,动漫,搞笑漫画日和,影视,迪斯尼,2012,缝纫机乐队,霸王别姬,缝纫机乐队,缝纫机乐队
826,10826,四川,成都市,西华大学,艺术学院,艺术学,产品设计,动漫,七龙珠,动漫,火影忍者,综艺,热血街舞团,2017,创造101,非诚勿扰,档案,演员的诞生
827,10827,四川,绵阳市,西华大学,管理学院,管理学,工商管理,美食,寿司,美食,串串香,技能,绘画,2008,绘画,文案,书法,文案
828,10828,四川,广安市,西华大学,管理学院,管理学,人力资源,名人,泰勒·斯威夫特,名人,张艺兴,美食,牛肉面,2000,火锅,酸菜鱼,烤肉,串串香
829,10829,四川,成都市,西华大学,经济学院,经济学,经济学,综艺,演员的诞生,动漫,七龙珠,技能,文案,2001,摄影,花艺,绘画,书法
830,10830,四川,成都市,西华大学,艺术学院,艺术学,表演,动漫,死神,美食,火锅,动漫,搞笑漫画日和,2002,喜羊羊和灰太狼,辛普森的一家,辛普森的一家,搞笑漫画日和
831,10831,重庆,重庆,成都理工大学,计算机学院,工学,网络安全,名人,泰勒·斯威夫特,动漫,命运石之门,技能,策划,2017,电子音乐,编程,文案,编程
832,10832,四川,泸州市,四川大学,管理学院,管理学,人力资源,动漫,无头骑士异闻录,名人,赵丽颖,技能,文案,2010,写作,绘画,摄影,策划
833,10833,四川,资阳市,成都理工大学,文学与传媒学院,文学,汉语言文学,名人,鹿晗,名人,鹿晗,综艺,中国好声音,2004,创造101,中国好声音,笑傲江湖,笑傲江湖
834,10834,重庆,重庆,西南石油大学,经济学院,经济学,经济学,技能,摄影,美食,鱼香肉丝,动漫,无头骑士异闻录,2007,海贼王,死神,妖精的尾巴,火影忍者
835,10835,四川,眉山市,西华大学,土木与环境工程学院,工学,建筑工程技术,综艺,真正男子汉,动漫,无头骑士异闻录,名人,吴亦凡,2010,杨幂,张瀚,冯小刚,新垣结衣
836,10836,四川,广元市,电子科技大学,财务会计学院,管理学,审计,影视,阿甘正传,动漫,火影忍者,动漫,七龙珠,2015,火影忍者,辛普森的一家,无头骑士异闻录,海贼王
837,10837,四川,广安市,西南石油大学,土木与环境工程学院,工学,土木工程,动漫,搞笑漫画日和,动漫,中国惊奇先生,技能,花艺,2012,设计,绘画,文案,设计
838,10838,四川,广安市,四川大学锦城学院,计算机学院,工学,软件工程,美食,酸菜鱼,综艺,创造101,影视,海豚湾,2010,让子弹飞,一代宗师,漫威,一代宗师
839,10839,四川,成都市,成都信息工程大学,土木与环境工程学院,工学,建筑工程技术,综艺,演员的诞生,动漫,喜羊羊和灰太狼,动漫,无头骑士异闻录,2015,七龙珠,搞笑漫画日和,喜羊羊和灰太狼,死神
840,10840,四川,德阳市,西南石油大学,财务会计学院,管理学,审计,名人,张瀚,动漫,无头骑士异闻录,美食,鱼香肉丝,2012,寿司,麻婆豆腐,寿司,寿司
841,10841,四川,达州市,成都理工大学,管理学院,管理学,市场营销,技能,绘画,名人,泰勒·斯威夫特,动漫,辛普森的一家,2003,灌篮高手,中国惊奇先生,搞笑漫画日和,喜羊羊和灰太狼
842,10842,四川,德阳市,四川大学,土木与环境工程学院,工学,土木工程,综艺,极限挑张,影视,春娇与志明,综艺,演员的诞生,2009,我们十七岁,我们十七岁,演员的诞生,老梁故事汇
843,10843,四川,资阳市,西华大学,管理学院,管理学,人力资源,影视,霸王别姬,美食,寿司,技能,电子音乐,2015,编程,设计,设计,绘画
844,10844,四川,广元市,四川大学锦城学院,财务会计学院,管理学,审计,技能,摄影,综艺,中国式相亲,美食,酸菜鱼,2003,口水鸡,麻婆豆腐,糖醋排骨,火锅
845,10845,四川,成都市,成都理工大学,财务会计学院,管理学,会计,影视,霸王别姬,动漫,七龙珠,美食,糖醋排骨,2003,钵钵鸡,三汁焖锅,串串香,寿司
846,10846,重庆,重庆,四川师范大学,经济学院,经济学,保险学,技能,策划,影视,环太平洋,影视,复仇者联盟,2016,霸王别姬,漫威,缝纫机乐队,阿甘正传
847,10847,四川,南充市,西南石油大学,经济学院,经济学,电子商务,综艺,中国好声音,动漫,死神,名人,张瀚,2009,迈克尔·杰克逊,迪丽热巴,杨幂,赵丽颖
848,10848,四川,资阳市,电子科技大学,土木与环境工程学院,工学,建筑工程技术,美食,火锅,动漫,喜羊羊和灰太狼,技能,料理,2014,书法,写作,文案,文案
849,10849,四川,成都市,西南石油大学,管理学院,管理学,人力资源,综艺,非诚勿扰,技能,花艺,综艺,快乐大本营,2007,笑傲江湖,奔跑吧,演员的诞生,天天向上
850,10850,四川,攀枝花市,西南财经大学,计算机学院,工学,网络工程,动漫,命运石之门,综艺,非诚勿扰,综艺,档案,2014,我们十七岁,热血街舞团,天天向上,我们十七岁
851,10851,四川,广元市,四川师范大学,理学院,理学,信息与计算科学,动漫,死神,影视,迪斯尼,影视,缝纫机乐队,2005,环太平洋,春娇与志明,迪斯尼,复仇者联盟
852,10852,四川,广安市,西南交通大学,管理学院,管理学,市场营销,动漫,火影忍者,综艺,真正男子汉,技能,绘画,2012,花艺,料理,策划,设计
853,10853,四川,乐山市,四川师范大学,管理学院,管理学,市场营销,综艺,中国式相亲,综艺,极限挑张,美食,火锅,2012,鱼香肉丝,鱼香肉丝,火锅,酸菜鱼
854,10854,四川,德阳市,西南石油大学,土木与环境工程学院,工学,给排水科学与工程,名人,赵丽颖,美食,钵钵鸡,综艺,笑傲江湖,2009,热血街舞团,演员的诞生,档案,非诚勿扰
855,10855,重庆,重庆,成都理工大学,理学院,理学,化学,综艺,笑傲江湖,名人,杨幂,名人,张艺兴,2014,泰勒·斯威夫特,新垣结衣,迪丽热巴,鹿晗
856,10856,四川,南充市,西南石油大学,管理学院,管理学,工商管理,技能,策划,美食,口水鸡,名人,迪丽热巴,2002,周杰伦,林允,赵丽颖,GALA
857,10857,四川,成都市,西南石油大学,建筑学院,工学,城乡规划,美食,寿司,影视,迪斯尼,影视,一代宗师,2008,帕丁顿熊,霸王别姬,泰坦尼克号,一代宗师
858,10858,四川,攀枝花市,西南石油大学,经济学院,经济学,经济学,技能,书法,美食,卤肉饭,综艺,极限挑张,2009,演员的诞生,非诚勿扰,创造101,热血街舞团
859,10859,四川,雅安市,西南石油大学,土木与环境工程学院,工学,土木工程,技能,策划,美食,糖醋排骨,技能,文案,2015,料理,策划,书法,花艺
860,10860,四川,达州市,电子科技大学,管理学院,管理学,工商管理,名人,张瀚,名人,林允,技能,料理,2006,绘画,摄影,绘画,花艺
861,10861,四川,雅安市,四川大学锦城学院,管理学院,管理学,工商管理,名人,鹿晗,影视,阿甘正传,技能,书法,2007,文案,设计,料理,文案
862,10862,四川,南充市,电子科技大学,电气学院,工学,信息工程,影视,帕丁顿熊,综艺,蒙面唱将猜猜猜,动漫,火影忍者,2017,七龙珠,灌篮高手,辛普森的一家,喜羊羊和灰太狼
863,10863,四川,眉山市,成都理工大学,经济学院,经济学,金融学,技能,摄影,技能,花艺,技能,书法,2007,写作,编程,策划,策划
864,10864,四川,广安市,四川大学锦城学院,建筑学院,工学,建筑学,名人,新垣结衣,技能,花艺,美食,钵钵鸡,2006,豆腐脑,糖醋排骨,糖醋排骨,钵钵鸡
865,10865,四川,巴中市,西南财经大学,管理学院,管理学,市场营销,美食,串串香,综艺,热血街舞团,美食,钵钵鸡,2013,牛肉面,钵钵鸡,钵钵鸡,麻婆豆腐
866,10866,四川,成都市,成都信息工程大学,财务会计学院,管理学,会计,动漫,辛普森的一家,技能,书法,影视,漫威,2000,漫威,泰坦尼克号,复仇者联盟,春娇与志明
867,10867,四川,眉山市,四川大学,经济学院,经济学,经济学,技能,花艺,综艺,奔跑吧,影视,海豚湾,2000,帕丁顿熊,环太平洋,春娇与志明,让子弹飞
868,10868,四川,宜宾市,四川师范大学,理学院,理学,化学,动漫,搞笑漫画日和,综艺,蒙面唱将猜猜猜,美食,口水鸡,2003,口水鸡,钵钵鸡,牛肉面,卤肉饭
869,10869,重庆,重庆,西南交通大学,土木与环境工程学院,工学,建筑工程技术,美食,火锅,影视,终结者,综艺,天天向上,2004,笑傲江湖,老梁故事汇,老梁故事汇,奔跑吧
870,10870,重庆,重庆,成都理工大学,财务会计学院,管理学,审计,技能,文案,技能,策划,综艺,真正男子汉,2003,演员的诞生,奔跑吧,真正男子汉,奔跑吧
871,10871,四川,宜宾市,西南石油大学,土木与环境工程学院,工学,建筑工程技术,影视,让子弹飞,综艺,演员的诞生,动漫,中国惊奇先生,2016,海贼王,无头骑士异闻录,辛普森的一家,搞笑漫画日和
872,10872,四川,攀枝花市,成都理工大学,管理学院,管理学,工商管理,美食,酸菜鱼,技能,设计,影视,迪斯尼,2014,泰坦尼克号,终结者,海豚湾,海豚湾
873,10873,四川,资阳市,四川师范大学,计算机学院,工学,网络工程,技能,写作,名人,泰勒·斯威夫特,影视,缝纫机乐队,2012,帕丁顿熊,阿甘正传,让子弹飞,寻梦幻游记
874,10874,四川,成都市,电子科技大学,计算机学院,工学,网络工程,动漫,海贼王,影视,美丽人生,综艺,老梁故事汇,2014,真正男子汉,蒙面唱将猜猜猜,创造101,笑傲江湖
875,10875,四川,自贡市,成都理工大学,经济学院,经济学,国际经济与贸易,动漫,辛普森的一家,美食,火锅,影视,霸王别姬,2000,美丽人生,迪斯尼,一代宗师,让子弹飞
876,10876,四川,资阳市,西华大学,经济学院,经济学,金融学,美食,牛肉面,名人,宋冬野,动漫,中国惊奇先生,2006,辛普森的一家,喜羊羊和灰太狼,搞笑漫画日和,无头骑士异闻录
877,10877,四川,南充市,西南石油大学,电气学院,工学,电气工程,影视,复仇者联盟,美食,口水鸡,动漫,火影忍者,2001,命运石之门,七龙珠,喜羊羊和灰太狼,无头骑士异闻录
878,10878,重庆,重庆,成都理工大学,管理学院,管理学,市场营销,名人,泰勒·斯威夫特,动漫,中国惊奇先生,综艺,快乐大本营,2000,非诚勿扰,非诚勿扰,笑傲江湖,蒙面唱将猜猜猜
879,10879,四川,德阳市,西南石油大学,管理学院,管理学,工商管理,技能,电子音乐,影视,终结者,综艺,中国好声音,2003,创造101,奔跑吧,天天向上,热血街舞团
880,10880,四川,遂宁市,西南石油大学,管理学院,管理学,市场营销,技能,电子音乐,美食,寿司,动漫,七龙珠,2007,无头骑士异闻录,妖精的尾巴,七龙珠,七龙珠
881,10881,四川,南充市,西华大学,计算机学院,工学,网络工程,影视,帕丁顿熊,综艺,极限挑张,综艺,奔跑吧,2008,蒙面唱将猜猜猜,极限挑张,老梁故事汇,蒙面唱将猜猜猜
882,10882,四川,乐山市,西南石油大学,计算机学院,工学,软件工程,技能,花艺,名人,林允,名人,林允,2003,迈克尔·杰克逊,冯小刚,迈克尔·杰克逊,杨幂
883,10883,四川,内江市,西南交通大学,艺术学院,艺术学,表演,美食,串串香,动漫,搞笑漫画日和,动漫,搞笑漫画日和,2001,无头骑士异闻录,妖精的尾巴,无头骑士异闻录,命运石之门
884,10884,四川,凉山州,西南石油大学,建筑学院,工学,建筑学,美食,寿司,影视,泰坦尼克号,影视,海豚湾,2017,泰坦尼克号,美丽人生,终结者,终结者
885,10885,四川,乐山市,西南财经大学,艺术学院,艺术学,广播电视编导,综艺,笑傲江湖,名人,林允,综艺,天天向上,2007,创造101,我们十七岁,极限挑张,热血街舞团
886,10886,四川,成都市,成都理工大学,计算机学院,工学,软件工程,影视,阿甘正传,综艺,非诚勿扰,美食,鱼香肉丝,2004,口水鸡,烤肉,糖醋排骨,牛肉面
887,10887,四川,成都市,西南交通大学,经济学院,经济学,经济学,影视,漫威,技能,绘画,名人,黄子韬,2014,鹿晗,周杰伦,周杰伦,张艺兴
888,10888,四川,雅安市,电子科技大学,财务会计学院,管理学,财务管理,名人,周杰伦,名人,杨幂,技能,电子音乐,2010,编程,设计,设计,花艺
889,10889,四川,成都市,四川师范大学,土木与环境工程学院,工学,土木工程,技能,摄影,技能,写作,技能,绘画,2011,书法,编程,料理,花艺
890,10890,四川,内江市,四川大学,土木与环境工程学院,工学,土木工程,美食,三汁焖锅,动漫,妖精的尾巴,影视,帕丁顿熊,2000,寻梦幻游记,环太平洋,寻梦幻游记,寻梦幻游记
891,10891,四川,内江市,四川大学,计算机学院,工学,网络工程,影视,让子弹飞,名人,新垣结衣,动漫,妖精的尾巴,2011,海贼王,搞笑漫画日和,死神,搞笑漫画日和
892,10892,四川,宜宾市,成都信息工程大学,财务会计学院,管理学,审计,动漫,灌篮高手,美食,糖醋排骨,技能,电子音乐,2017,设计,电子音乐,绘画,策划
893,10893,重庆,重庆,四川大学,土木与环境工程学院,工学,建筑工程技术,美食,豆腐脑,动漫,无头骑士异闻录,名人,黄子韬,2011,黄子韬,张艺兴,宋冬野,周杰伦
894,10894,四川,广元市,成都信息工程大学,管理学院,管理学,市场营销,名人,赵丽颖,名人,泰勒·斯威夫特,名人,鹿晗,2003,张瀚,赵丽颖,迈克尔·杰克逊,张瀚
895,10895,四川,雅安市,西华大学,经济学院,经济学,经济学,综艺,真正男子汉,综艺,老梁故事汇,影视,一代宗师,2001,阿甘正传,复仇者联盟,迪斯尼,复仇者联盟
896,10896,四川,达州市,西南石油大学,土木与环境工程学院,工学,给排水科学与工程,影视,终结者,技能,书法,名人,泰勒·斯威夫特,2008,冯小刚,泰勒·斯威夫特,宋冬野,林允
897,10897,四川,成都市,成都信息工程大学,财务会计学院,管理学,审计,影视,春娇与志明,美食,寿司,综艺,天天向上,2017,中国好声音,档案,演员的诞生,奔跑吧
898,10898,四川,攀枝花市,西南交通大学,电气学院,工学,信息工程,名人,杨幂,美食,豆腐脑,影视,美丽人生,2017,漫威,缝纫机乐队,迪斯尼,缝纫机乐队
899,10899,四川,达州市,四川大学锦城学院,管理学院,管理学,市场营销,动漫,妖精的尾巴,技能,绘画,技能,摄影,2008,绘画,书法,电子音乐,花艺
900,10900,四川,泸州市,成都理工大学,计算机学院,工学,应用开发,美食,钵钵鸡,影视,让子弹飞,美食,卤肉饭,2006,串串香,麻婆豆腐,麻婆豆腐,鱼香肉丝
901,10901,四川,广安市,西南石油大学,土木与环境工程学院,工学,建筑工程技术,技能,策划,名人,吴亦凡,影视,美丽人生,2001,复仇者联盟,寻梦幻游记,阿甘正传,海豚湾
902,10902,四川,乐山市,西南财经大学,管理学院,管理学,市场营销,动漫,搞笑漫画日和,影视,缝纫机乐队,技能,设计,2006,写作,设计,书法,写作
903,10903,四川,资阳市,西南石油大学,艺术学院,艺术学,广播电视编导,名人,林允,美食,麻婆豆腐,综艺,极限挑张,2005,档案,奔跑吧,档案,快乐大本营
904,10904,四川,乐山市,西南交通大学,艺术学院,艺术学,产品设计,动漫,火影忍者,技能,料理,综艺,天天向上,2005,档案,老梁故事汇,热血街舞团,极限挑张
905,10905,重庆,重庆,西南财经大学,土木与环境工程学院,工学,建筑工程技术,名人,迪丽热巴,影视,让子弹飞,技能,编程,2006,设计,绘画,文案,摄影
906,10906,四川,广元市,西南石油大学,计算机学院,工学,应用开发,美食,麻婆豆腐,综艺,极限挑张,技能,编程,2001,编程,写作,设计,设计
907,10907,四川,攀枝花市,西南石油大学,文学与传媒学院,文学,广告学,动漫,火影忍者,影视,美丽人生,名人,杨幂,2001,赵丽颖,宋冬野,GALA,冯小刚
908,10908,四川,遂宁市,西南石油大学,财务会计学院,管理学,会计,动漫,喜羊羊和灰太狼,影视,让子弹飞,综艺,演员的诞生,2000,奔跑吧,中国式相亲,非诚勿扰,档案
909,10909,四川,遂宁市,成都信息工程大学,管理学院,管理学,人力资源,动漫,命运石之门,动漫,死神,综艺,天天向上,2012,我们十七岁,演员的诞生,非诚勿扰,中国式相亲
910,10910,四川,自贡市,西南交通大学,理学院,理学,物理学,动漫,中国惊奇先生,综艺,老梁故事汇,美食,豆腐脑,2003,串串香,口水鸡,串串香,酸菜鱼
911,10911,四川,眉山市,西南交通大学,管理学院,管理学,工商管理,动漫,中国惊奇先生,综艺,演员的诞生,影视,霸王别姬,2014,阿甘正传,帕丁顿熊,春娇与志明,泰坦尼克号
912,10912,四川,德阳市,四川师范大学,机械学院,工学,机械电子工程,影视,霸王别姬,综艺,天天向上,美食,三汁焖锅,2013,寿司,酸菜鱼,三汁焖锅,三汁焖锅
913,10913,四川,眉山市,西南交通大学,计算机学院,工学,网络工程,动漫,妖精的尾巴,美食,鱼香肉丝,美食,豆腐脑,2007,火锅,三汁焖锅,口水鸡,火锅
914,10914,四川,德阳市,西南交通大学,财务会计学院,管理学,会计,美食,卤肉饭,动漫,死神,影视,环太平洋,2017,寻梦幻游记,泰坦尼克号,霸王别姬,海豚湾
915,10915,四川,南充市,西南交通大学,管理学院,管理学,市场营销,名人,迈克尔·杰克逊,名人,迈克尔·杰克逊,美食,烤肉,2017,烤肉,火锅,酸菜鱼,口水鸡
916,10916,四川,自贡市,成都信息工程大学,土木与环境工程学院,工学,建筑工程技术,美食,寿司,名人,GALA,综艺,中国好声音,2012,非诚勿扰,演员的诞生,中国式相亲,演员的诞生
917,10917,四川,广元市,西南交通大学,管理学院,管理学,市场营销,综艺,非诚勿扰,影视,复仇者联盟,名人,吴亦凡,2007,泰勒·斯威夫特,GALA,周杰伦,张艺兴
918,10918,四川,眉山市,西南财经大学,计算机学院,工学,软件工程,名人,泰勒·斯威夫特,技能,编程,美食,钵钵鸡,2013,口水鸡,卤肉饭,寿司,三汁焖锅
919,10919,四川,遂宁市,四川大学,文学与传媒学院,文学,网络与新媒体,美食,鱼香肉丝,影视,霸王别姬,美食,三汁焖锅,2013,鱼香肉丝,烤肉,口水鸡,酸菜鱼
920,10920,四川,眉山市,四川大学锦城学院,计算机学院,工学,网络工程,综艺,热血街舞团,影视,泰坦尼克号,美食,豆腐脑,2015,豆腐脑,酸菜鱼,豆腐脑,麻婆豆腐
921,10921,重庆,重庆,成都理工大学,管理学院,管理学,市场营销,综艺,奔跑吧,综艺,奔跑吧,美食,火锅,2010,烤肉,豆腐脑,口水鸡,麻婆豆腐
922,10922,四川,德阳市,西华大学,土木与环境工程学院,工学,土木工程,综艺,快乐大本营,技能,花艺,影视,环太平洋,2008,终结者,美丽人生,复仇者联盟,复仇者联盟
923,10923,四川,成都市,西南石油大学,经济学院,经济学,经济学,美食,烤肉,美食,串串香,美食,口水鸡,2003,酸菜鱼,酸菜鱼,豆腐脑,串串香
924,10924,四川,绵阳市,电子科技大学,经济学院,经济学,经济学,美食,串串香,影视,一代宗师,影视,泰坦尼克号,2005,海豚湾,一代宗师,阿甘正传,漫威
925,10925,四川,泸州市,西南石油大学,电气学院,工学,电气工程,影视,阿甘正传,美食,烤肉,影视,霸王别姬,2007,环太平洋,复仇者联盟,泰坦尼克号,霸王别姬
926,10926,四川,德阳市,西南交通大学,管理学院,管理学,市场营销,技能,电子音乐,影视,美丽人生,名人,泰勒·斯威夫特,2012,迈克尔·杰克逊,张瀚,GALA,林允
927,10927,四川,德阳市,西南交通大学,管理学院,管理学,工商管理,综艺,笑傲江湖,动漫,海贼王,动漫,命运石之门,2007,中国惊奇先生,灌篮高手,命运石之门,死神
928,10928,四川,成都市,四川大学锦城学院,土木与环境工程学院,工学,土木工程,技能,料理,技能,摄影,综艺,非诚勿扰,2010,天天向上,中国好声音,我们十七岁,档案
929,10929,四川,德阳市,西南交通大学,计算机学院,工学,网络工程,影视,缝纫机乐队,名人,新垣结衣,技能,花艺,2010,文案,摄影,策划,写作
930,10930,四川,宜宾市,四川大学锦城学院,文学与传媒学院,文学,新闻学,影视,环太平洋,美食,牛肉面,名人,赵丽颖,2016,迪丽热巴,吴亦凡,冯小刚,张艺兴
931,10931,四川,遂宁市,四川大学锦城学院,计算机学院,工学,软件工程,影视,寻梦幻游记,动漫,火影忍者,美食,钵钵鸡,2000,卤肉饭,火锅,三汁焖锅,豆腐脑
932,10932,四川,资阳市,成都信息工程大学,计算机学院,工学,软件工程,技能,绘画,技能,策划,综艺,极限挑张,2012,快乐大本营,极限挑张,我们十七岁,快乐大本营
933,10933,四川,德阳市,四川师范大学,管理学院,管理学,人力资源,名人,冯小刚,综艺,热血街舞团,技能,设计,2011,文案,摄影,摄影,策划
934,10934,四川,自贡市,四川大学锦城学院,管理学院,管理学,工商管理,动漫,辛普森的一家,美食,烤肉,名人,黄子韬,2003,赵丽颖,杨幂,张瀚,黄子韬
935,10935,四川,自贡市,四川师范大学,文学与传媒学院,文学,汉语言文学,美食,烤肉,名人,赵丽颖,影视,寻梦幻游记,2001,缝纫机乐队,终结者,海豚湾,环太平洋
936,10936,四川,泸州市,西南交通大学,文学与传媒学院,文学,汉语言文学,名人,黄子韬,美食,火锅,名人,冯小刚,2005,GALA,宋冬野,林允,泰勒·斯威夫特
937,10937,四川,内江市,西华大学,理学院,理学,信息与计算科学,美食,三汁焖锅,综艺,热血街舞团,名人,新垣结衣,2010,张艺兴,新垣结衣,迪丽热巴,冯小刚
938,10938,四川,巴中市,西南交通大学,管理学院,管理学,市场营销,影视,环太平洋,综艺,热血街舞团,名人,林允,2014,鹿晗,GALA,迪丽热巴,GALA
939,10939,四川,内江市,四川大学,管理学院,管理学,工商管理,综艺,老梁故事汇,美食,鱼香肉丝,动漫,中国惊奇先生,2006,中国惊奇先生,无头骑士异闻录,喜羊羊和灰太狼,命运石之门
940,10940,重庆,重庆,西南交通大学,文学与传媒学院,文学,汉语言文学,综艺,真正男子汉,名人,迪丽热巴,影视,泰坦尼克号,2009,阿甘正传,迪斯尼,寻梦幻游记,缝纫机乐队
941,10941,四川,成都市,西南交通大学,财务会计学院,管理学,财务管理,综艺,快乐大本营,综艺,真正男子汉,美食,三汁焖锅,2001,糖醋排骨,牛肉面,鱼香肉丝,三汁焖锅
942,10942,四川,遂宁市,四川师范大学,管理学院,管理学,工商管理,影视,泰坦尼克号,动漫,七龙珠,影视,环太平洋,2008,泰坦尼克号,迪斯尼,春娇与志明,终结者
943,10943,四川,攀枝花市,西南石油大学,土木与环境工程学院,工学,土木工程,美食,口水鸡,动漫,辛普森的一家,名人,泰勒·斯威夫特,2008,张艺兴,鹿晗,迈克尔·杰克逊,张艺兴
944,10944,四川,雅安市,四川大学,计算机学院,工学,应用开发,动漫,命运石之门,名人,周杰伦,美食,三汁焖锅,2004,卤肉饭,鱼香肉丝,寿司,酸菜鱼
945,10945,四川,乐山市,电子科技大学,土木与环境工程学院,工学,土木工程,综艺,热血街舞团,动漫,搞笑漫画日和,综艺,真正男子汉,2009,蒙面唱将猜猜猜,老梁故事汇,笑傲江湖,中国好声音
946,10946,四川,广元市,西南财经大学,计算机学院,工学,软件工程,美食,烤肉,综艺,我们十七岁,动漫,灌篮高手,2011,辛普森的一家,搞笑漫画日和,中国惊奇先生,搞笑漫画日和
947,10947,四川,成都市,四川师范大学,土木与环境工程学院,工学,建筑工程技术,技能,绘画,技能,策划,名人,赵丽颖,2000,GALA,新垣结衣,泰勒·斯威夫特,张瀚
948,10948,四川,遂宁市,西华大学,财务会计学院,管理学,审计,动漫,火影忍者,动漫,灌篮高手,综艺,非诚勿扰,2011,老梁故事汇,天天向上,真正男子汉,演员的诞生
949,10949,四川,巴中市,西华大学,文学与传媒学院,文学,广告学,动漫,灌篮高手,名人,周杰伦,名人,周杰伦,2007,泰勒·斯威夫特,周杰伦,赵丽颖,林允
950,10950,四川,遂宁市,西华大学,文学与传媒学院,文学,广告学,名人,林允,影视,阿甘正传,动漫,辛普森的一家,2007,死神,火影忍者,无头骑士异闻录,命运石之门
951,10951,四川,宜宾市,西华大学,管理学院,管理学,工商管理,动漫,搞笑漫画日和,名人,迪丽热巴,名人,林允,2015,黄子韬,泰勒·斯威夫特,宋冬野,张瀚
952,10952,四川,眉山市,成都理工大学,管理学院,管理学,工商管理,动漫,中国惊奇先生,技能,摄影,影视,终结者,2004,海豚湾,终结者,阿甘正传,迪斯尼
953,10953,四川,成都市,成都理工大学,管理学院,管理学,人力资源,名人,吴亦凡,技能,花艺,技能,摄影,2017,编程,摄影,料理,花艺
954,10954,四川,乐山市,西南交通大学,计算机学院,工学,网络工程,影视,春娇与志明,影视,阿甘正传,动漫,海贼王,2003,妖精的尾巴,辛普森的一家,命运石之门,灌篮高手
955,10955,四川,绵阳市,四川大学,建筑学院,工学,建筑学,美食,糖醋排骨,名人,新垣结衣,综艺,天天向上,2000,奔跑吧,演员的诞生,真正男子汉,创造101
956,10956,重庆,重庆,西南交通大学,管理学院,管理学,工商管理,美食,酸菜鱼,综艺,中国式相亲,美食,糖醋排骨,2000,寿司,牛肉面,鱼香肉丝,口水鸡
957,10957,四川,成都市,四川大学,财务会计学院,管理学,财务管理,美食,烤肉,综艺,演员的诞生,影视,帕丁顿熊,2007,帕丁顿熊,缝纫机乐队,终结者,漫威
958,10958,四川,达州市,西南石油大学,管理学院,管理学,市场营销,动漫,七龙珠,名人,泰勒·斯威夫特,技能,绘画,2012,电子音乐,电子音乐,料理,写作
959,10959,四川,南充市,西南石油大学,经济学院,经济学,保险学,综艺,创造101,综艺,老梁故事汇,技能,策划,2003,花艺,摄影,花艺,策划
960,10960,四川,攀枝花市,西南财经大学,财务会计学院,管理学,财务管理,美食,口水鸡,影视,美丽人生,技能,设计,2004,写作,摄影,写作,编程
961,10961,四川,攀枝花市,四川师范大学,土木与环境工程学院,工学,建筑工程技术,美食,口水鸡,动漫,七龙珠,美食,麻婆豆腐,2003,糖醋排骨,口水鸡,鱼香肉丝,豆腐脑
962,10962,四川,雅安市,成都理工大学,管理学院,管理学,市场营销,影视,终结者,名人,GALA,名人,杨幂,2016,赵丽颖,泰勒·斯威夫特,林允,GALA
963,10963,四川,自贡市,西南交通大学,财务会计学院,管理学,财务管理,技能,料理,影视,环太平洋,名人,张瀚,2006,宋冬野,泰勒·斯威夫特,赵丽颖,新垣结衣
964,10964,四川,泸州市,四川大学锦城学院,管理学院,管理学,工商管理,美食,麻婆豆腐,动漫,辛普森的一家,影视,复仇者联盟,2014,美丽人生,复仇者联盟,终结者,帕丁顿熊
965,10965,四川,泸州市,四川大学锦城学院,管理学院,管理学,工商管理,综艺,非诚勿扰,美食,鱼香肉丝,动漫,死神,2008,辛普森的一家,辛普森的一家,海贼王,死神
966,10966,四川,广元市,四川师范大学,管理学院,管理学,市场营销,动漫,无头骑士异闻录,影视,霸王别姬,美食,卤肉饭,2011,酸菜鱼,口水鸡,麻婆豆腐,口水鸡
967,10967,四川,内江市,西南财经大学,经济学院,经济学,经济学,综艺,天天向上,美食,钵钵鸡,动漫,搞笑漫画日和,2001,灌篮高手,无头骑士异闻录,七龙珠,无头骑士异闻录
968,10968,四川,宜宾市,成都信息工程大学,土木与环境工程学院,工学,土木工程,综艺,真正男子汉,影视,环太平洋,技能,电子音乐,2006,绘画,书法,编程,写作
969,10969,四川,内江市,四川师范大学,管理学院,管理学,市场营销,动漫,火影忍者,影视,漫威,美食,卤肉饭,2001,糖醋排骨,寿司,串串香,鱼香肉丝
970,10970,四川,成都市,西南石油大学,经济学院,经济学,经济学,美食,烤肉,动漫,妖精的尾巴,动漫,喜羊羊和灰太狼,2015,海贼王,妖精的尾巴,火影忍者,命运石之门
971,10971,四川,达州市,西南交通大学,管理学院,管理学,市场营销,名人,鹿晗,美食,豆腐脑,技能,书法,2003,策划,设计,书法,摄影
972,10972,四川,泸州市,成都理工大学,经济学院,经济学,经济学,名人,赵丽颖,综艺,奔跑吧,动漫,妖精的尾巴,2005,无头骑士异闻录,灌篮高手,辛普森的一家,灌篮高手
973,10973,四川,泸州市,四川大学,管理学院,管理学,市场营销,动漫,喜羊羊和灰太狼,动漫,七龙珠,美食,口水鸡,2013,钵钵鸡,卤肉饭,寿司,牛肉面
974,10974,四川,广元市,电子科技大学,文学与传媒学院,文学,行政管理,影视,终结者,名人,赵丽颖,动漫,七龙珠,2006,火影忍者,妖精的尾巴,七龙珠,喜羊羊和灰太狼
975,10975,四川,成都市,成都信息工程大学,管理学院,管理学,工商管理,美食,牛肉面,名人,赵丽颖,动漫,搞笑漫画日和,2010,妖精的尾巴,中国惊奇先生,命运石之门,命运石之门
976,10976,四川,广安市,西南交通大学,文学与传媒学院,文学,新闻学,名人,冯小刚,影视,海豚湾,美食,牛肉面,2011,酸菜鱼,火锅,豆腐脑,火锅
977,10977,四川,自贡市,电子科技大学,土木与环境工程学院,工学,建筑工程技术,美食,鱼香肉丝,动漫,辛普森的一家,影视,让子弹飞,2005,迪斯尼,环太平洋,让子弹飞,漫威
978,10978,四川,绵阳市,四川大学锦城学院,财务会计学院,管理学,会计,动漫,中国惊奇先生,美食,串串香,美食,串串香,2002,豆腐脑,口水鸡,口水鸡,糖醋排骨
979,10979,四川,成都市,西南财经大学,管理学院,管理学,工商管理,动漫,海贼王,技能,花艺,综艺,中国好声音,2000,创造101,蒙面唱将猜猜猜,老梁故事汇,极限挑张
980,10980,四川,攀枝花市,西南财经大学,经济学院,经济学,投资学,综艺,天天向上,动漫,辛普森的一家,美食,酸菜鱼,2008,卤肉饭,寿司,烤肉,烤肉
981,10981,四川,遂宁市,成都理工大学,管理学院,管理学,人力资源,动漫,死神,美食,豆腐脑,综艺,热血街舞团,2012,真正男子汉,创造101,蒙面唱将猜猜猜,快乐大本营
982,10982,重庆,重庆,四川师范大学,财务会计学院,管理学,会计,影视,霸王别姬,名人,张艺兴,名人,张艺兴,2013,迪丽热巴,新垣结衣,黄子韬,新垣结衣
983,10983,四川,雅安市,四川大学锦城学院,管理学院,管理学,工商管理,美食,串串香,动漫,中国惊奇先生,美食,口水鸡,2012,火锅,三汁焖锅,火锅,口水鸡
984,10984,四川,内江市,四川师范大学,计算机学院,工学,网络工程,综艺,中国式相亲,技能,书法,技能,摄影,2010,摄影,花艺,绘画,写作
985,10985,四川,成都市,成都理工大学,经济学院,经济学,经济学,名人,迪丽热巴,影视,帕丁顿熊,技能,绘画,2010,编程,摄影,策划,文案
986,10986,四川,攀枝花市,西华大学,文学与传媒学院,文学,广告学,美食,口水鸡,名人,泰勒·斯威夫特,综艺,中国好声音,2000,中国好声音,天天向上,极限挑张,极限挑张
987,10987,四川,乐山市,成都信息工程大学,文学与传媒学院,文学,网络与新媒体,影视,复仇者联盟,名人,张瀚,影视,缝纫机乐队,2016,迪斯尼,复仇者联盟,让子弹飞,迪斯尼
988,10988,四川,攀枝花市,西华大学,文学与传媒学院,文学,行政管理,影视,泰坦尼克号,美食,烤肉,综艺,真正男子汉,2009,非诚勿扰,老梁故事汇,天天向上,创造101
989,10989,四川,内江市,四川大学,财务会计学院,管理学,审计,综艺,热血街舞团,美食,钵钵鸡,名人,宋冬野,2017,吴亦凡,鹿晗,周杰伦,赵丽颖
990,10990,四川,眉山市,西南石油大学,管理学院,管理学,工商管理,综艺,非诚勿扰,名人,宋冬野,动漫,无头骑士异闻录,2000,喜羊羊和灰太狼,七龙珠,无头骑士异闻录,海贼王
991,10991,四川,达州市,成都信息工程大学,管理学院,管理学,工商管理,技能,设计,动漫,搞笑漫画日和,综艺,奔跑吧,2001,天天向上,演员的诞生,奔跑吧,热血街舞团
992,10992,四川,自贡市,成都信息工程大学,文学与传媒学院,文学,行政管理,名人,宋冬野,影视,寻梦幻游记,技能,绘画,2017,编程,电子音乐,料理,料理
993,10993,四川,成都市,成都信息工程大学,计算机学院,工学,应用开发,技能,设计,影视,终结者,综艺,天天向上,2004,档案,我们十七岁,老梁故事汇,奔跑吧
994,10994,四川,成都市,西南交通大学,土木与环境工程学院,工学,给排水科学与工程,技能,文案,动漫,灌篮高手,影视,一代宗师,2005,让子弹飞,缝纫机乐队,泰坦尼克号,一代宗师
995,10995,四川,达州市,成都信息工程大学,财务会计学院,管理学,财务管理,名人,张艺兴,美食,牛肉面,影视,复仇者联盟,2012,美丽人生,让子弹飞,让子弹飞,春娇与志明
996,10996,四川,成都市,成都理工大学,土木与环境工程学院,工学,土木工程,名人,迪丽热巴,动漫,七龙珠,影视,美丽人生,2013,寻梦幻游记,霸王别姬,终结者,海豚湾
997,10997,重庆,重庆,电子科技大学,机械学院,工学,机械设计与制造,技能,文案,名人,冯小刚,动漫,喜羊羊和灰太狼,2000,辛普森的一家,辛普森的一家,妖精的尾巴,火影忍者
998,10998,四川,宜宾市,成都理工大学,机械学院,工学,机械电子工程,名人,黄子韬,综艺,奔跑吧,技能,摄影,2012,文案,绘画,电子音乐,摄影
999,10999,四川,绵阳市,西南财经大学,计算机学院,工学,应用开发,名人,泰勒·斯威夫特,影视,海豚湾,综艺,笑傲江湖,2015,演员的诞生,中国好声音,奔跑吧,极限挑张
